Team Number,Mu,Sigma
303,27.0875,1.82012
1155,28.2332,3.0714
4122,24.9044,3.1461
639,27.3235,3.39431
2601,26.6511,3.14524
369,27.7221,3.22038
6401,25.0958,4.50629
250,27.658,3.20043
1796,23.8195,3.53891
6024,23.4863,3.27517
1635,25.5545,3.6082
527,24.4523,3.1799
1156,25.6537,3.07463
1665,24.1975,3.20721
353,27.5537,3.45312
5016,26.796,3.20138
1382,22.3593,4.6401
1880,25.1832,3.24199
2265,25.6166,3.27503
1600,24.6907,4.66384
2875,25.6106,3.36523
1923,27.4209,2.02909
6300,28.1976,3.28904
3314,23.8545,1.92285
3419,28.2531,3.10633
20,29.8206,3.07326
5202,24.6232,3.54987
3950,22.5274,3.51594
2872,22.6718,3.62141
5943,24.2023,3.35003
810,26.512,3.66259
4571,23.8782,3.17606
5123,21.2251,3.49349
3044,24.0689,3.19776
5599,22.1791,3.63808
6058,21.1147,4.91665
6648,25.7139,4.87693
2869,24.3807,3.54182
6593,25.9556,4.97307
5955,25.6616,4.9946
6601,22.734,4.70884
5814,22.0239,4.95596
6636,23.3828,4.7694
3004,26.2142,4.83693
4091,22.9697,5.03339
5781,22.268,4.67855
3204,22.37,4.64964
395,23.2042,3.33901
5654,26.687,2.44294
5747,24.0297,2.42992
1657,25.1213,2.49834
6738,23.351,2.47328
1574,32.3787,2.35643
2230,26.8759,2.31367
5951,23.3652,2.43249
1580,23.2575,3.14408
3083,26.3598,2.42942
1942,24.9754,2.65246
4338,26.3079,2.36103
4586,26.3219,2.30385
5928,24.8221,2.48401
1937,26.8004,2.40449
1690,24.9255,2.38757
3034,26.6414,2.60962
6740,26.3361,2.74872
5291,25.5369,2.61095
2630,24.0919,2.473
3316,22.3524,2.61568
4590,27.1711,2.31008
4757,20.7853,3.11241
5990,26.3764,2.62762
5038,24.0013,2.46252
1573,24.0359,2.74934
6049,23.3613,3.36963
6230,24.4745,3.36444
6737,19.6816,3.14054
3065,25.0101,2.95673
4784,20.1842,3.37295
6168,24.9871,2.47176
4319,19.2306,3.17762
5636,23.8842,3.22043
5715,21.7241,2.54321
1944,21.689,3.02841
955,26.6621,2.30228
3674,26.7706,2.32027
1540,25.3743,2.38953
5198,24.5265,2.22357
2550,27.9472,2.26616
2990,26.8673,2.29309
2811,25.3903,2.04126
1432,24.8741,3.10212
4043,25.3877,2.70955
997,25.1801,2.30371
4060,24.9378,3.03789
2915,22.89,2.9921
3024,27.6529,2.3379
2471,27.5076,2.20316
753,25.1518,2.25853
957,24.8041,2.39342
5085,25.3827,2.26847
6343,24.8606,2.35041
568,21.2041,2.88458
3711,25.9197,2.41581
4488,27.6252,2.27191
2521,22.6,2.47419
6445,27.8921,2.30233
1425,27.5407,2.23258
4051,25.4596,3.05312
847,25.9753,2.83033
4057,23.9665,2.94833
3574,23.794,2.84767
2733,23.3885,3.11555
1359,24.8566,2.78297
6437,24.9757,3.09041
4110,25.7473,2.61818
2635,25.191,2.85812
6456,19.9703,2.84403
3673,20.5949,2.99952
6443,19.8077,3.15133
5977,24.4542,2.82705
2411,23.2333,3.0451
6465,22.9024,3.07053
3636,25.9163,3.05235
6133,28.8512,3.05483
704,25.6861,3.31979
4219,27.4319,3.37311
6357,25.0402,3.54409
2848,31.9916,3.25177
3310,31.5881,3.13138
3743,26.0988,4.58196
5414,23.4511,3.25846
4192,24.4294,3.59889
2950,26.3199,3.66483
1817,27.8635,2.75116
6171,24.8987,3.50371
3999,21.7481,3.3545
6237,25.4583,3.47002
5472,26.1658,3.08942
5431,23.8541,3.76085
2333,25.7495,2.76072
5866,27.4876,2.81946
3593,27.5419,3.34151
6646,19.3902,3.66376
3997,27.2387,3.20926
1296,26.3471,3.43229
418,28.1567,3.03917
3802,27.8306,3.74952
6369,23.0365,3.74033
2805,23.3887,4.49134
2897,21.4911,4.58765
6727,27.2933,4.56939
4335,24.6863,4.67445
5888,24.8154,3.27208
1642,22.9839,3.57865
4694,21.0432,3.30422
647,22.217,3.80121
3370,21.3136,3.83299
2721,21.407,4.43905
6448,29.0488,4.63289
6321,24.7575,3.51354
5047,23.4002,4.54392
4412,26.7664,4.40948
3417,23.7984,4.39138
4364,24.1818,3.21473
4738,30.7546,4.55246
2102,28.4008,3.51912
2839,27.8118,4.46295
2637,26.3473,2.70881
3128,24.6258,3.58762
5199,28.1898,3.0069
3476,24.563,3.42994
3647,27.4715,3.35112
1538,29.5952,3.16652
3953,24.8319,4.8789
5851,26.4704,3.61543
3011,27.3495,3.40293
5137,22.6146,3.41315
399,29.4446,2.55603
968,26.7226,2.49582
3328,26.2961,3.72098
3473,30.0481,3.34781
5818,25.3526,3.11393
4583,22.2612,5.25893
2543,27.9578,3.48769
1622,22.2005,2.7012
2144,25.3264,3.35004
6025,26.1807,4.6469
2485,23.1796,3.13609
6382,22.1842,5.26262
1266,23.7631,3.68935
3255,30.2663,3.2938
1572,28.4218,3.59455
1836,23.4801,3.53413
5012,24.9692,2.83425
3250,20.0508,3.08981
3341,27.1608,5.46249
4919,24.1686,5.20782
812,26.9704,3.61315
5514,28.0335,5.45455
3749,24.2369,5.19459
4984,23.7612,3.62895
4486,26.5673,3.45969
2658,24.6112,5.14047
2404,19.0734,4.08959
5805,24.2301,3.61585
5429,26.2386,3.49383
2827,23.4973,5.09471
5627,24.6158,5.49038
4139,24.2351,5.14734
4322,24.1411,3.74632
5025,25.4762,3.66112
3704,26.794,5.28183
4141,22.3422,3.76224
3021,27.0723,3.54419
4388,27.1745,3.36433
5209,27.3919,5.41358
6695,24.8132,5.16884
4160,23.4209,3.7608
4014,22.1446,5.07796
6064,20.657,5.33021
4616,24.5069,5.35944
5477,23.4872,3.60099
5124,29.5134,3.63559
4,23.861,3.99711
2984,17.7878,5.44331
6755,27.3884,5.43158
6515,22.6526,5.31497
5474,22.5454,5.35149
2465,22.1978,3.51087
6659,30.8309,5.37549
1294,27.3889,2.24458
1778,27.2367,2.09714
3070,23.8864,2.28555
2928,27.2916,2.22018
492,25.6044,2.35582
2930,26.8601,2.36123
1983,25.8506,2.03895
3218,25.9049,2.98612
4681,25.6311,2.67666
3268,22.1282,2.87033
4915,28.43,2.24431
5803,27.6737,1.82123
2605,24.9126,2.70639
4077,24.4899,2.82436
1318,25.8264,2.05317
5588,25.6386,2.32965
5827,24.243,2.47161
2903,23.5815,2.63875
2910,26.3806,2.27001
4469,26.4949,2.31208
2976,25.8883,2.86474
5495,23.844,2.60075
4911,25.0524,1.92933
3663,27.4832,1.96057
5748,23.4616,3.2334
5683,23.0063,2.96627
1899,23.3055,2.74751
2557,24.1892,2.33043
5941,23.5032,2.84808
949,22.7693,2.9426
2555,23.3866,3.18047
2522,24.7602,2.8049
4512,23.6207,2.67734
4683,20.1718,2.89914
2412,25.596,2.93361
4089,23.0164,2.61501
6503,19.6955,3.05703
4682,23.7795,2.91225
4180,22.4564,2.93281
4309,25.0355,2.65504
2046,28.5131,1.84549
1595,31.1264,1.97125
3238,29.4228,1.96158
4061,26.3846,2.1016
2907,27.1873,1.87336
488,23.6783,2.15781
2147,24.8374,2.23394
5295,25.9321,2.23782
948,26.33,2.19601
4662,27.9849,2.03546
4513,25.2327,2.17212
4173,25.6209,2.12967
5450,25.9431,2.40644
4495,24.0997,2.24332
5970,26.3057,2.18355
6350,26.4777,2.38761
4450,27.2435,2.16896
4131,23.7505,2.2226
3223,26.3083,2.13791
5468,26.1458,2.14029
2980,22.957,2.32407
4125,27.7307,2.22762
3219,23.8971,2.2441
3693,23.453,2.20459
2374,24.8684,2.18988
3393,24.3243,2.1811
5920,25.4387,2.08807
5975,23.652,2.25032
4918,26.8309,2.11905
5829,27.7424,2.44395
3847,27.6577,2.27967
5526,25.5522,3.02383
118,29.5264,2.33438
1477,31.1807,2.33217
4639,24.1818,3.20895
6488,24.2131,4.75595
5427,23.6138,3.20045
3335,25.562,3.27191
2881,22.5498,3.31892
2587,29.3193,3.11302
2582,21.5939,4.24512
3510,23.8641,3.62571
3741,22.2409,4.78164
5417,24.9891,2.58698
3481,23.9041,2.98662
231,26.1484,2.60305
4328,24.2826,4.46113
6377,26.0508,2.96373
3735,24.1593,2.43881
1255,29.4634,2.86314
3028,21.2568,4.85435
4403,26.8799,3.3454
4179,26.0966,4.78767
2183,25.7274,3.60883
3728,24.3304,4.6546
2583,26.3098,4.6979
5986,25.613,3.1625
6111,22.8161,4.77891
6562,27.4257,5.05196
5070,21.6688,4.58378
457,26.0941,3.15767
6682,23.3688,3.40871
6647,24.342,3.28284
5908,25.3765,2.95008
3753,23.1697,3.74309
1023,26.067,2.46883
503,28.4645,1.95018
4737,23.8873,2.92348
5577,27.7771,2.86865
5053,29.8356,2.44587
1481,27.7967,2.16337
4395,26.0148,2.3977
5144,25.1825,2.54426
3547,25.9462,2.84433
3604,24.1191,2.44737
5090,24.1622,2.47472
815,24.1139,2.74244
123,24.4487,2.56965
1250,23.9079,2.37043
470,24.101,2.48235
5498,23.8027,3.40489
5567,26.3855,2.4202
6618,26.1341,2.50762
4680,25.1384,2.33283
5901,27.5047,2.71133
5915,24.3275,2.52267
240,23.367,3.1848
226,25.1917,2.11029
3542,22.8661,2.51217
2676,21.2929,2.81527
6528,21.7569,2.98895
6136,23.6915,2.7572
6057,21.5796,2.9364
6570,26.1335,3.28241
5050,23.5962,2.94525
5263,23.8277,3.37925
5907,26.6817,2.35257
5619,22.0699,2.39222
6116,22.3903,3.10286
6029,21.3691,3.04794
280,25.9797,2.86291
313,19.1219,3.36225
1528,24.4854,3.20231
4838,22.0297,3.36527
2620,26.3817,3.37137
8,25.0496,3.14013
2473,28.1173,3.48984
5677,27.1145,2.85678
4990,28.3077,3.28247
254,36.2523,3.3823
604,30.8445,3.33164
972,24.4103,3.55722
3482,23.0496,3.72616
1868,23.4867,3.53217
846,24.5713,3.41507
841,24.2087,3.51024
2035,27.9218,3.43262
5026,27.9038,3.27249
100,26.3375,3.85517
4904,25.2402,3.37971
115,27.8209,3.1919
6418,26.5046,3.47464
192,27.1517,2.53897
766,21.9155,3.55234
971,29.7136,3.34704
5924,22.3254,3.49402
751,25.4175,3.17665
114,25.8324,3.11131
2468,25.2285,2.71688
4171,20.9343,3.96962
2135,29.5014,3.28192
5171,24.9644,5.0257
6410,23.0228,5.41364
852,26.5181,3.50314
5905,25.7994,3.91533
5737,22.4954,3.79962
1351,21.3908,4.01177
2813,22.728,3.61791
5104,27.0015,3.03076
1967,24.9118,3.2678
6688,20.7048,5.14336
4159,22.8744,3.55224
6059,23.6871,3.68685
4186,26.0492,3.73956
2643,27.3441,3.60112
299,26.1356,5.42174
6036,24.9112,3.54695
2367,22.2392,3.53294
581,24.4917,3.6229
2489,21.8978,3.7191
6380,20.3747,5.12869
199,26.5505,3.73472
253,20.707,5.07158
5773,23.1815,5.26499
6665,24.0294,3.82285
668,25.0814,3.43608
6619,23.228,3.73463
5940,21.07,3.7831
5027,21.5739,5.00024
1280,22.8598,3.68721
4255,28.3397,3.06859
670,24.3068,3.54474
256,25.3535,5.09798
6039,23.5279,5.28574
5728,25.3465,5.10441
2486,28.1084,2.64334
3309,27.9345,2.69884
3303,26.0683,3.12356
696,28.5148,3.10719
330,31.1548,2.98956
597,28.9152,3.63959
3970,21.5407,3.62793
2493,24.0289,3.69355
4415,26.9669,3.20723
580,25.802,3.24515
1197,25.6667,3.34197
3880,23.7555,3.214
2761,26.0832,3.19651
3512,26.8705,3.07201
294,24.4834,3.49082
3408,26.2879,4.84691
5765,26.1307,4.90412
702,24.2943,3.26898
980,22.9455,3.43742
4619,26.7647,3.25114
4964,26.3521,3.23183
5285,21.1916,3.9194
691,22.8141,3.48191
5510,26.7024,5.22308
5102,24.494,5.0274
4123,23.1891,5.27741
4201,25.1228,3.50364
3952,23.4512,5.23394
4578,23.3721,5.09809
1759,23.063,5.14173
3120,21.5367,5.10099
848,25.0851,5.1831
867,24.2493,5.27528
1452,23.8181,5.08411
5432,21.3433,5.31205
4763,21.5183,3.73546
1515,24.6663,3.3905
6658,16.6104,5.3126
6692,24.7855,5.3269
5669,19.3233,5.13225
6499,25.5695,5.26264
5512,22.1869,5.10769
4470,27.392,3.52825
2659,24.0392,5.44722
1644,21.3528,5.02273
5089,25.7356,3.55004
5107,28.9833,5.25571
6000,23.0082,5.0642
5966,22.7236,5.10364
606,21.8487,5.14922
4999,27.8669,3.80983
4913,26.6531,2.94005
687,25.251,3.73779
207,27.4134,3.63863
4019,24.3677,4.94167
4501,25.8842,3.55021
2960,28.9631,1.84062
67,30.1895,2.26963
1684,27.6773,2.25171
469,29.0981,2.20699
33,29.3096,1.87097
2834,28.1284,2.34338
4810,24.7125,2.2008
5709,26.4248,2.298
6538,25.0002,2.34566
6066,24.7379,2.34111
6582,24.7944,2.36637
2054,26.5286,1.99111
4325,26.1455,2.14093
4967,27.8261,2.2736
2611,27.1248,2.33511
245,25.1383,1.94089
5150,26.129,2.1639
5436,26.7098,2.2141
494,28.0292,2.16485
70,24.1284,2.27513
2474,25.7009,2.20043
5155,27.132,2.32729
3098,25.8615,2.25785
5067,26.6628,2.38663
5547,25.5385,2.20527
3175,22.4079,2.32703
2586,26.2622,2.27924
6425,24.6469,2.39733
5048,26.9588,2.13022
1025,25.2119,2.21728
4327,26.9482,2.3742
3655,24.3814,2.28053
4409,25.568,2.17338
6193,23.8138,2.35541
5069,23.6072,2.35649
5183,26.1386,2.91325
51,30.3113,2.35758
6086,25.6114,2.32427
5505,25.2585,2.18843
3538,28.1972,2.28487
5230,25.2693,2.36968
6121,26.0654,2.68899
5708,25.7251,3.12041
1711,25.7477,2.39328
94,26.5727,2.85934
6087,24.4344,2.8504
3535,24.7912,2.32989
3618,26.1927,2.26104
5533,22.4581,2.93162
5534,21.7885,3.0106
6077,21.9252,2.30766
2075,25.604,2.24892
6753,24.9738,2.35509
4376,23.7985,2.83689
4983,23.5067,2.83595
5560,23.7171,2.85012
6642,22.5053,2.91904
2246,24.4983,3.00686
4398,26.705,2.68494
5247,20.7651,2.91976
6533,19.5983,3.10436
6074,24.3807,2.92248
6573,25.0922,2.84862
5525,22.5252,2.84946
3537,25.5368,2.64779
1896,22.9793,2.88487
6545,23.7926,2.89819
6550,22.5042,2.85281
5314,25.4766,3.00705
6552,24.7119,3.02582
6649,22.4374,4.34196
6005,22.4934,2.93564
2509,32.4154,3.46975
5172,26.9422,3.50437
4207,29.0701,4.53924
2181,31.6331,4.50168
4198,27.03,2.96607
3299,27.2617,4.3298
3278,27.7649,4.64797
3184,25.4471,3.14176
2823,24.6804,3.67167
3026,24.7783,3.99749
2500,26.9634,4.02601
2052,27.9397,3.71628
3007,23.1162,5.17505
6709,26.7998,5.08884
2518,25.6617,4.00394
2502,23.9346,3.84461
3871,26.5458,4.98091
4607,23.0645,3.96269
2846,25.1166,4.25709
5434,23.1043,4.04192
6424,23.0373,3.86677
2879,23.9754,4.67512
4536,32.0991,3.74389
3630,23.1094,4.66565
6175,23.4199,5.47994
2545,27.2813,5.39573
2470,20.4733,5.38267
2511,24.1556,5.44757
3081,24.5514,3.49823
2825,21.9719,5.28336
2232,25.4715,5.36941
3745,23.1835,5.56252
3038,23.722,5.39937
5271,24.7285,5.1752
3751,29.7533,5.29577
3058,25.821,5.36778
6147,22.0785,5.49256
2529,22.2124,5.45129
4664,23.0623,5.23079
3202,24.2296,5.16356
1816,21.2417,4.02461
3082,25.6938,5.21013
3023,26.7852,3.5675
6176,24.8814,5.2993
4229,18.4395,5.35762
3839,23.0905,5.26671
4549,23.4095,3.66577
2480,21.7889,5.28405
2532,23.3015,5.61276
3100,22.4489,3.78139
2498,24.418,5.04651
3300,22.0276,5.49434
2855,23.5711,4.36362
5996,22.8131,5.43398
3244,23.8136,5.23705
2239,24.4303,5.25245
2847,20.8507,5.36312
2513,21.3541,5.50689
3454,25.0044,5.38785
3407,27.0734,5.32424
2508,23.8661,5.22717
5637,27.6361,5.42038
2515,25.1703,5.13783
27,27.0001,2.07223
2137,29.9875,2.18747
4779,25.9942,2.28439
6344,25.6093,2.32063
308,23.9396,2.24591
5524,24.4771,2.85273
6117,27.3135,2.28352
5561,26.7353,2.24547
5860,25.7012,2.70523
4130,23.622,2.87225
1718,27.6577,2.26949
5843,26.5176,2.85756
1701,25.6871,1.88714
4851,23.2874,2.93399
5641,22.4675,2.92417
3539,26.0979,2.29738
4961,24.7355,2.13248
548,25.5001,1.97599
6085,24.6888,3.01658
5467,24.5689,2.58954
5662,22.7151,2.87487
3302,26.2084,2.77544
5065,22.0577,3.23567
6610,24.4161,3.07149
4390,20.7582,2.95909
5532,21.9951,3.24234
1,25.0226,3.09981
5282,25.9659,2.98152
5562,21.6512,2.93524
2673,22.8253,2.95667
5225,24.5801,3.28538
6091,24.5952,3.02514
4854,23.1386,2.98437
2410,24.0037,3.14929
5690,28.4471,3.08261
4506,27.4033,3.2993
6630,27.4459,4.28059
876,29.3166,3.2917
2512,29.604,3.22853
967,27.6116,3.52567
167,25.083,3.48941
3206,24.2232,3.6622
5638,22.8015,4.66505
1094,24.6374,3.5036
4818,23.9576,4.07289
4329,27.9268,3.56648
4646,24.2641,3.3707
3928,27.4293,3.49573
2081,24.0637,3.54649
2040,23.1595,3.67698
5809,24.7839,3.31457
1987,32.8334,3.10312
3528,26.7014,3.0641
525,26.4535,3.77055
4009,27.6632,3.86124
6359,24.8579,4.84672
6420,24.5309,3.61162
2574,29.4934,3.3783
6371,27.8863,5.28251
4011,20.3564,5.03396
648,23.7865,4.0008
3267,23.4733,3.98994
6536,25.1541,4.97
6455,27.723,5.17059
5576,24.1181,3.85099
6412,22.4478,4.94164
5837,26.859,5.07665
5041,21.6522,4.97237
4230,22.9009,4.10895
6379,22.7424,5.04642
3633,23.8443,3.91932
2450,21.2358,3.85145
2177,24.3828,4.02819
6467,23.3597,5.06528
2530,26.2241,3.81315
5906,21.4345,5.06331
5935,25.9859,4.97659
1785,22.3603,3.88164
6320,26.2816,5.05372
5991,21.5851,5.15635
1208,24.8885,3.92304
3018,22.242,3.81716
6164,22.9239,4.99788
6317,22.8703,5.21446
3130,30.2668,2.60744
6613,31.816,4.43577
2883,27.5454,3.42803
2175,24.9346,3.58912
6758,23.4195,5.00213
2987,25.7367,4.94719
4859,26.1031,4.72209
3754,23.6351,4.63689
4226,25.1555,4.91564
877,26.5522,5.05272
2491,28.8744,3.40545
3313,28.0929,4.75658
3723,27.9353,4.93991
2202,24.0005,3.27446
1792,24.7552,3.3109
4174,31.1455,4.4939
3883,26.6701,3.33776
3036,22.1694,5.00696
2989,27.4,5.338
4239,23.9932,4.08106
6707,21.9957,5.03409
4665,23.9126,4.02649
4623,27.3312,5.33679
4054,27.749,5.4005
5929,23.3665,5.35946
5143,24.9237,5.09591
5720,25.9701,5.12859
3122,27.3009,4.92479
6628,22.6754,5.18065
5653,21.1171,5.18044
5882,26.998,5.28067
5348,25.0101,5.44752
5595,22.1754,4.97614
2501,27.823,4.09528
3367,23.4492,5.03232
4656,26.7858,5.20696
5232,22.9481,5.45566
6044,22.3582,4.97266
4786,23.7091,3.54665
3297,23.4468,5.04358
2861,27.1237,5.20959
2499,25.3148,5.24786
4624,28.1214,3.6237
3212,21.3512,5.51056
3298,21.6925,3.87654
6132,24.8033,5.12419
1288,25.0586,3.49371
1939,28.8421,3.23482
34,26.2958,3.16446
537,27.6188,2.83162
1732,32.4164,2.95983
1706,28.4979,3.37686
1410,25.9649,3.52804
3330,28.4321,4.8896
4330,25.6671,4.9137
1259,24.645,2.99664
1985,22.6611,3.15078
4356,21.5791,4.55135
1658,23.7897,4.53759
4187,27.7439,4.66923
4500,27.5333,3.34977
4246,28.4789,4.79547
1444,26.5581,4.67071
1178,23.1141,4.7483
932,28.03,3.27109
5147,25.6637,4.1998
3284,30.8113,2.56396
4143,31.4108,3.1099
2978,22.7708,4.75896
6034,18.7752,4.98784
6660,20.718,4.92623
1329,23.1784,3.54673
4600,24.3043,4.75432
5326,24.0832,4.74669
3959,29.2074,3.47854
3792,24.9989,4.89645
4314,21.2206,4.72123
4404,26.7123,5.07288
5758,26.2905,4.70449
4256,25.0979,3.40289
5583,20.8431,4.59685
2707,24.0374,4.68801
5176,26.7548,4.88288
4931,26.6431,4.68811
1675,27.2011,3.0519
5836,24.1752,4.83404
6391,21.9317,4.79233
2838,27.8752,4.92775
931,23.013,4.73803
4232,23.1874,4.91861
2408,21.5111,4.88291
3397,20.5146,4.75403
538,24.7217,3.69564
6744,25.8454,4.89044
4169,25.9644,2.30758
4151,27.2957,2.28388
4176,28.5663,2.0936
5563,23.8448,2.25631
2168,30.9318,1.92595
88,27.0497,2.11409
4908,27.2247,2.12847
157,24.8961,2.53077
2648,27.2536,1.90859
5112,25.1779,2.72408
348,27.9787,2.12029
78,28.2903,1.83298
1831,26.7786,2.73257
6201,29.5597,2.32938
4954,25.7513,2.35547
3205,24.2082,3.00329
1757,25.8831,2.23747
5752,25.1124,3.03357
3566,19.6318,2.99279
121,26.3522,2.87137
4761,28.6489,2.2372
1922,26.7236,2.30733
5000,25.3711,2.81246
1761,21.9475,2.94753
5846,27.5754,2.19695
5844,23.3718,3.22582
172,24.4788,3.0047
5491,25.0192,3.11312
6224,26.4789,3.15391
3461,27.7447,3.34457
6529,23.438,2.9246
3609,25.5717,3.03735
2079,18.9388,2.87759
5265,23.6871,3.03172
5471,22.4582,3.16912
97,24.6496,2.94879
6153,23.103,2.95842
3182,24.4049,3.39387
5347,22.0917,3.42991
6301,20.0071,3.24804
151,20.0889,3.04385
6333,21.7218,3.50811
244,25.5067,1.99974
5015,29.4041,4.12866
4191,30.3002,4.3986
1482,27.7964,4.48219
2122,29.1443,2.53864
4334,28.9723,3.36551
3354,22.6011,3.45035
3933,26.0522,3.58324
4010,22.2302,3.61071
6406,23.9224,4.63357
5897,23.9059,3.40519
5078,24.3788,4.57776
4604,22.8851,4.80658
4774,25.1059,2.67296
288,21.9632,2.14891
6008,26.2757,4.92051
6458,25.9506,4.71551
6390,25.7359,4.93344
5630,22.9121,3.47665
4627,27.8238,3.2299
2130,24.468,4.27925
216,23.9258,2.06472
6679,24.693,4.71218
5515,26.2649,3.3182
6178,19.8385,5.45444
6351,21.0804,5.10458
4733,25.3707,4.94556
5883,21.5875,4.98264
5725,23.6643,5.00834
6364,23.0807,4.93958
5597,25.3049,5.14927
6673,24.0377,5.21888
6041,22.5909,5.07241
3216,21.529,5.20573
4625,24.7499,5.06481
5118,24.5683,3.47905
6703,24.2742,5.02878
6563,23.752,4.95802
6188,24.1294,5.09299
6169,25.155,5.00241
6485,22.3467,4.94212
6719,24.053,5.33067
6700,24.6708,5.02156
6701,26.168,5.06815
6403,25.2579,5.23731
6408,19.7531,5.09148
4634,24.3455,4.91805
6724,23.8392,5.06926
179,28.8981,3.17518
180,32.9065,3.32619
2783,25.0146,2.97855
1319,29.2237,3.26614
79,25.6263,2.79598
6055,24.9419,3.14148
2016,25.1575,2.13072
1108,21.8841,3.68791
4451,28.9225,3.53845
5842,28.1509,2.6821
6366,23.1082,3.46576
3490,26.7451,3.66221
1369,23.6495,3.58311
2010,27.1554,3.26148
343,24.6378,3.53391
2556,25.3537,2.95578
6396,26.2313,4.26985
2815,23.7095,3.81341
3814,25.8583,3.29283
4965,25.7249,3.4708
6491,23.7482,4.64254
4740,20.2559,4.77058
6373,21.2004,4.63663
5616,24.1755,4.69638
4013,22.2584,3.87762
547,22.8195,4.73836
4471,25.1014,3.32906
3861,24.1571,4.72094
2386,25.025,2.1055
4707,22.7167,4.95339
1539,22.141,3.58658
5551,24.3208,4.84012
442,24.0611,4.60264
5045,21.1911,3.75777
5858,22.5969,4.73797
5845,24.7674,4.55484
5005,24.0574,4.55859
4924,24.8998,4.95052
3319,23.5555,3.48086
1758,27.7785,3.71411
3139,24.7684,4.491
2973,25.0421,4.77726
6107,24.1685,4.46736
5721,25.175,3.70172
5058,26.6536,4.61761
4635,27.5587,3.17673
4522,28.2274,3.0261
3991,25.9782,3.4502
16,31.4597,3.41333
5889,22.8213,3.88895
3616,28.6408,3.40496
3160,27.4328,3.89287
1421,25.0559,3.78208
2080,25.0696,3.80551
364,23.9282,3.69857
5437,26.0651,3.54639
3039,26.6566,3.20068
141,26.1665,1.73179
4523,25.8478,3.568
6640,22.6349,4.67478
2992,26.3286,2.60255
3937,28.294,3.27498
1775,22.3032,3.776
3507,21.2487,3.74774
5006,25.5874,3.72615
5454,26.0235,5.10729
6602,24.2231,5.254
3612,20.9199,3.72579
938,18.6712,3.87522
4490,27.6786,5.12598
6183,23.8233,4.86323
5153,21.9111,4.91457
6586,17.2692,5.13915
5002,26.2025,3.70155
3061,26.6815,3.88342
6131,21.3238,5.13868
4524,20.97,3.94373
6492,21.8254,5.26107
3468,23.1117,4.85335
5568,23.289,5.01102
1912,24.4238,3.81877
6186,20.0017,4.99124
2004,20.7651,3.9069
3350,23.5886,3.56488
3337,22.4379,3.76546
5729,20.8669,4.87233
4576,24.7352,3.29242
5541,26.9306,3.91448
6728,17.0925,5.18338
1764,23.3263,4.0342
3132,29.4136,2.42947
6061,30.7073,4.04943
6191,23.9718,4.13078
6523,25.5338,3.92192
4613,30.834,2.18273
1772,30.3122,2.81253
5593,23.421,4.22232
6520,28.7756,4.24365
5893,22.11,4.36045
5331,27.6882,3.18648
4253,28.0216,2.40009
6083,22.6636,4.09544
6204,18.721,4.47003
4817,23.7156,4.26975
4537,24.5723,4.38283
5584,26.9746,4.44612
4739,22.5216,3.31559
5983,19.817,4.38707
5087,23.7284,3.30777
6035,23.0598,3.27015
6525,23.9368,4.21069
5985,26.8798,2.96839
6579,26.2527,3.1722
6062,24.1345,4.68622
6522,22.8911,4.75328
4801,26.2848,4.55401
6118,23.7317,4.64748
6434,24.3732,3.56176
5648,27.7964,3.96437
6432,25.3646,4.04903
6187,25.8899,4.26993
6508,28.3653,3.78704
6050,25.8341,3.89581
5988,24.9463,4.14101
5663,25.2791,3.76474
6510,22.7677,3.76823
6524,24.4595,4.37929
5606,34.7141,4.54342
6509,22.7483,4.26294
6063,25.3415,4.17628
6476,20.7088,4.36079
6575,26.5627,4.37922
4614,21.469,4.28316
6440,18.3644,4.35562
6447,22.2582,4.58658
4802,20.5443,4.61728
6007,19.2635,4.48961
5876,21.9918,4.60668
4529,24.2198,4.65663
6449,18.9003,4.34311
4729,24.2689,4.53853
6769,25.0776,4.59379
5564,23.7868,4.27063
6770,25.5879,4.48153
5333,23.3498,4.37105
60,28.2059,2.97951
6530,30.2467,3.89965
4146,28.3446,3.16921
4135,27.6277,3.19521
3577,23.1716,3.35329
4565,25.0423,3.28074
991,22.3734,3.32453
498,28.3703,3.05813
2478,25.1522,3.03153
3019,25.5684,2.89757
996,23.8336,3.19851
842,26.9356,2.93875
1492,24.7182,3.22005
4153,24.2888,3.52211
6413,23.6547,3.21529
4183,27.2487,3.26963
1160,20.9991,3.33553
6314,29.4016,2.93151
1011,28.1186,3.13105
3785,29.8558,4.78562
6482,24.2084,4.67628
3669,22.3629,3.64185
2647,20.9115,3.53691
4841,25.6592,3.02622
3187,25.1137,3.40746
5207,27.5953,4.66447
6697,21.2118,4.63804
5059,24.9049,4.75402
4355,29.2005,3.15313
6656,24.8621,4.76986
6641,23.6949,4.51342
6127,23.0337,4.47733
1165,25.4063,3.31576
6585,18.9212,4.55637
4400,24.9337,3.21924
6518,25.4413,4.43668
6017,22.906,3.30527
4985,26.7046,4.85326
2375,23.5261,3.29788
1828,21.7845,3.50079
6221,23.5614,4.72179
3009,25.3035,3.53101
5465,23.6048,3.99276
6352,24.6717,3.9704
6479,24.5805,3.65638
2403,27.2007,3.08546
6674,24.2358,4.01264
1726,23.5949,2.97016
2662,23.5153,3.7443
698,27.8789,3.89593
3944,24.3146,4.23293
3853,20.6127,4.34268
6683,20.9779,4.36199
4111,22.4493,4.27835
3133,21.1117,4.50784
1212,21.8406,4.17027
1633,22.1009,4.21521
5200,21.7811,4.49244
3321,17.8261,4.41129
1290,21.1557,4.38287
2449,24.4697,4.13888
6372,21.4605,4.62821
5101,23.6028,3.91774
2840,25.3196,4.42752
4496,23.8959,4.25169
2844,22.7951,4.29295
2073,31.3873,3.06906
701,28.8689,2.97076
1678,31.6884,2.5196
973,29.72,3.13873
1662,24.7882,3.23448
5458,26.2507,3.47729
1700,23.7591,3.21363
4543,23.1644,3.09283
1323,26.9652,3.19591
1671,24.534,3.22443
649,26.3051,3.03653
1072,24.9561,3.13214
2141,23.3605,4.54895
5480,22.6622,4.42468
4643,24.5493,3.33699
1056,25.5714,4.58725
3013,20.2999,4.80545
692,24.3763,4.98154
4698,22.368,4.87012
2551,19.7695,4.98003
3859,22.6194,3.36659
1388,24.5886,3.50865
6305,24.4034,3.50084
5274,21.5793,4.93025
3257,23.7361,4.76262
3189,27.7599,3.58788
2204,20.5359,4.96848
3501,27.5239,3.61772
6612,17.0074,4.97843
5496,24.3133,3.24258
295,26.166,3.41589
5507,26.0368,3.4673
5875,26.3046,4.84966
3615,22.7836,4.73896
585,21.9666,3.59763
1458,26.8098,3.32439
4669,25.6301,3.69243
3598,25.2658,3.57658
6644,23.6787,4.78892
2085,22.5826,3.45038
6474,19.1108,4.91033
6174,26.5508,4.90927
599,26.9752,2.84146
6417,30.2046,3.98906
3925,28.9627,2.82738
3646,27.0997,4.75951
4079,23.6542,4.4318
6554,28.3647,4.11983
5817,23.2232,3.36384
4276,28.5314,2.90199
5802,27.1388,3.06287
5134,24.9105,3.40071
6668,25.2293,4.43044
4711,23.3553,3.10159
4161,26.4279,4.46479
5500,21.1213,4.60063
4114,26.1334,4.81187
4056,26.226,4.4133
589,23.0476,3.42317
5857,23.0804,3.28105
6535,20.6804,4.71723
3491,21.5146,4.69293
3470,24.5406,4.46209
6069,27.6833,4.74941
3295,23.6137,4.63051
6560,23.4718,3.14073
5877,25.0159,4.8739
5835,27.4326,4.65956
5634,18.9975,4.85832
2496,20.9157,4.796
5810,23.0298,4.54956
1159,24.091,4.53991
6072,21.8234,4.69781
6220,25.6437,4.59578
3863,22.6544,3.3544
5665,24.1004,4.51607
3453,19.5581,4.61348
6699,28.5597,4.09333
5852,29.6904,3.80454
3256,29.5219,2.47959
6657,24.5741,4.38487
6711,21.4929,4.41187
1422,26.5292,4.56874
3045,21.659,3.18106
3495,22.3566,3.15271
6650,24.487,4.55354
5700,23.4025,4.17191
6662,30.5797,4.18966
6429,26.7494,4.19995
2854,19.0406,4.51839
4765,24.7319,4.10286
5499,27.0277,2.81031
5419,23.5564,4.55148
4973,26.6895,4.63795
2905,27.7801,4.45597
2437,23.1549,3.45632
5430,23.9955,3.18075
6472,23.465,4.32774
6718,19.8855,4.70875
6506,24.1015,4.40151
4270,26.4481,2.94492
2576,27.0987,3.12692
5136,27.5868,3.43185
2429,24.5392,3.03296
1138,22.1438,3.05121
6553,23.2691,4.08761
3759,26.8627,3.78256
981,21.7413,3.13882
3882,27.0424,2.89624
3851,22.4941,4.22702
2443,22.9235,3.16278
4078,22.0716,4.12066
1661,28.5106,2.99265
5869,23.778,4.18907
5678,22.0623,4.31562
6398,26.4709,4.23875
6764,20.7697,4.19943
3993,25.8035,4.12745
3965,23.7562,3.26384
6334,24.5637,1.96731
384,30.2224,2.13025
5279,25.8344,2.1835
449,23.6449,2.29646
1885,30.3197,2.23399
2363,29.6456,2.01756
623,24.9812,2.09681
346,25.8218,2.30779
1262,25.9917,2.22343
4456,25.1385,2.25713
3793,26.1865,2.42551
1111,26.8165,2.20336
2534,25.4859,2.31938
2421,24.6428,2.10888
4638,25.4319,2.36522
4242,25.417,2.29709
2537,26.2331,2.4047
836,25.0607,2.25045
1629,25.2676,2.38722
1080,24.7769,2.2619
1610,27.7802,2.22515
1418,25.2126,2.25143
2377,26.2195,2.34349
1731,25.9843,2.15738
2849,24.8324,2.23487
6326,22.7395,2.38958
1389,25.6702,2.26343
4472,25.9128,2.24075
422,24.7467,2.43949
4541,23.1484,2.33643
1598,28.1689,2.18772
1137,25.4871,2.13328
1522,25.7146,2.27799
1599,23.4922,2.29745
401,26.1278,2.2986
1793,25.701,2.24054
6239,24.1801,2.34091
3258,26.4505,2.21193
1895,26.1944,2.24916
5115,26.0993,2.30784
5587,26.8156,2.43084
540,26.8487,2.22881
2199,26.6364,2.26165
1086,23.4502,2.38321
3359,26.8622,2.18786
620,25.667,2.04371
5957,21.9438,2.31768
3941,27.0108,2.30295
4464,25.2952,2.4513
619,23.9278,2.17972
5338,26.594,2.26793
5950,25.2749,2.462
4514,26.8028,2.4103
1123,24.351,2.29046
5945,24.1655,2.39093
612,24.6574,2.13923
2964,26.0913,2.56167
3373,24.8423,2.18763
1339,28.4588,2.83813
3648,28.2345,4.04809
1619,31.6404,2.92064
2083,22.5654,4.38209
5657,26.2197,4.59669
5493,23.2731,3.23993
1584,29.2002,4.65214
2036,26.7721,4.54164
1303,24.3242,4.34678
3200,23.6407,3.24041
4293,25.6441,3.18232
4550,22.1542,3.48646
662,29.0017,3.07639
2240,26.5185,4.51443
3729,22.4931,3.19985
3005,28.3751,3.33146
4499,25.6994,2.4692
159,26.6438,2.81667
2996,24.6826,3.16084
5763,21.0997,4.87032
5899,23.0293,4.56596
5613,23.5284,3.31937
4068,22.6929,4.64508
4792,26.0305,3.36612
4944,25.7899,3.32645
5318,21.8494,4.70635
4386,19.2971,4.67899
4418,24.2565,4.57425
2158,26.307,3.4103
1332,19.7818,4.90282
2261,23.5209,4.69857
1157,22.4039,4.67058
3288,26.3232,3.37118
1583,23.2272,4.72569
1245,24.32,4.50426
1977,25.3097,4.58393
3807,20.5133,4.59277
2945,25.6534,4.43549
2259,22.5767,4.41376
4593,22.3623,4.50526
1799,21.488,4.48182
999,26.1866,2.4627
230,25.4176,2.00859
173,25.5125,2.41586
195,29.6983,2.00253
558,24.4093,2.19977
3654,27.8058,2.43491
3634,22.6367,3.29456
4557,22.6577,3.0739
178,23.2973,2.41893
175,21.8886,3.10076
2067,24.6175,2.13114
6675,22.2824,3.11323
1991,27.3619,2.29339
3623,26.1273,2.32501
181,26.1307,2.42359
177,30.265,2.35206
3146,23.6119,3.17357
236,28.5704,2.88657
5422,26.0616,2.37527
228,21.7094,3.01763
2170,24.8763,3.16405
3464,30.1151,2.38942
839,24.6467,3.09695
3555,21.1132,3.23598
3104,23.7812,3.30022
1740,26.4162,2.94603
5746,20.1035,3.25966
571,23.2837,3.31947
4987,23.6428,3.40338
2836,26.3346,3.37008
5129,26.6082,3.17474
5686,20.6532,3.23859
1699,22.6579,3.26387
4628,20.9706,3.27928
6723,21.5006,3.13327
1973,23.1681,3.04314
5142,23.3859,3.25954
6346,23.5437,3.19367
1071,25.1037,2.28671
1099,25.2226,2.79804
1124,24.8157,2.74822
176,24.9693,2.6589
2064,23.6256,2.696
4055,25.5896,2.19422
716,23.7795,2.1755
4097,23.156,2.87026
5856,23.9064,2.77351
3525,23.3327,2.77217
237,26.2248,2.95308
4572,23.7772,3.0693
155,25.3835,3.12415
2785,24.2411,3.95609
2383,25.8391,2.77126
86,30.3543,4.72138
1065,27.2021,4.54758
1744,28.5263,3.51708
4481,27.9309,2.95477
1523,30.6961,3.28043
59,27.6354,3.58254
5872,27.214,3.82449
3653,31.3935,3.06476
3556,24.0364,4.87502
108,27.9565,3.16593
4064,29.6342,5.05119
386,29.1544,3.09446
233,24.8774,3.44464
4065,27.7665,5.17805
5145,25.3147,4.76803
744,27.3415,3.03418
4592,23.8953,2.80407
801,22.1704,3.26681
1872,26.8855,5.20047
456,22.6891,3.81297
4769,25.2585,5.24241
1557,30.2636,5.21968
5722,21.2598,5.29217
2425,20.0782,5.50086
4024,21.6496,5.44061
1592,26.2347,4.02396
3164,21.8609,5.44605
4622,22.856,5.36534
1902,25.3703,3.45746
6145,23.5852,5.40855
1649,20.6095,5.31948
5816,22.7249,3.49594
3932,23.4903,4.08245
5412,24.3305,5.14786
3627,25.0245,5.46085
21,24.5721,3.88462
6409,17.9272,5.29103
2916,24.1911,5.30971
6184,22.1656,5.31229
6527,26.7161,5.08672
5753,26.2487,5.24374
6232,25.7416,5.36697
4118,26.3154,5.60457
6322,25.8695,5.58007
4562,23.6996,5.04118
6473,21.3094,5.21487
6609,23.9744,5.38749
5283,18.233,5.33706
945,21.8573,5.66422
1972,26.3861,5.07856
5800,18.9543,5.39854
6722,24.8955,5.25969
2797,23.9558,3.8856
5276,24.7738,5.36111
1251,23.7915,2.88558
6669,21.8209,3.83602
3242,17.8376,5.41547
125,27.4262,1.62877
6404,26.881,3.81619
6388,26.1102,3.47858
6225,24.9124,4.48072
5819,26.275,3.11836
6001,28.5591,3.53468
263,31.1749,2.92178
2641,26.4972,2.49451
6038,21.0145,4.37976
694,28.3415,3.15849
2152,23.7205,3.67264
5196,23.149,4.7125
5557,23.6856,4.6428
4517,22.237,4.51252
6685,22.1649,4.58872
2914,22.4944,2.62848
6435,23.3538,4.44605
5558,25.0401,4.47658
5993,25.4935,4.63932
6416,20.2127,4.59436
6468,21.8105,4.61862
3410,24.6494,3.35848
5329,25.6155,4.43957
6686,19.3672,4.60806
6743,27.6301,4.61692
5949,19.71,4.74554
5243,22.4304,2.67282
5410,26.7918,3.04806
4941,29.2432,2.13466
4080,25.6456,2.33462
6714,24.1061,3.32965
5828,22.915,2.47804
4188,27.9911,1.9221
2974,29.1461,1.97899
5109,19.7424,3.15205
5219,23.1948,3.11353
1261,22.1455,3.04485
5536,23.5716,3.22246
3329,23.5854,2.44313
1771,25.4385,2.3846
4193,23.902,2.9757
5074,26.1827,2.42978
4459,23.6008,2.4686
5734,23.5306,2.4983
5482,23.6189,2.8965
3694,23.9023,2.96965
6750,22.928,2.40453
4189,24.464,2.23949
5632,24.6723,2.32719
3635,26.9741,2.47131
3581,23.0121,2.43832
6471,24.2332,2.8351
4240,21.8373,3.07325
5848,21.7568,2.96724
6715,20.3483,3.21755
5651,19.6787,3.16181
5840,24.3708,3.06518
6349,22.9097,2.66762
6139,21.4731,3.18723
4730,22.0523,2.53418
1002,26.7906,2.11331
4112,27.65,2.08364
1746,28.8737,2.00072
4468,25.3137,2.24964
1648,27.9103,2.07232
3091,26.5108,2.17537
2415,26.5488,2.15345
832,26.1388,2.18262
1683,28.0582,2.16227
5293,27.4604,2.09505
3998,27.5935,2.19935
6705,26.8343,2.12653
4516,23.4985,2.30201
6340,26.3851,2.07618
1414,25.3078,2.40436
4910,29.4327,2.12123
6023,23.4218,2.19603
4026,26.7776,2.21176
5132,24.9426,2.28149
5582,23.8916,2.25245
4235,21.8819,2.45983
5332,24.9046,2.29994
6177,25.2879,2.23181
6325,23.4406,2.301
5608,27.1114,2.36128
3815,24.6639,2.39352
5900,25.204,2.29397
1311,23.485,2.18484
3573,22.5218,2.65899
1795,24.7275,2.68238
3265,25.4313,2.79214
4701,24.3279,2.79971
6716,24.21,2.79376
6712,23.6562,2.78613
4749,26.3174,2.71527
4195,24.9152,3.88643
4509,24.4608,3.78826
3344,24.257,2.8552
3318,24.8186,2.81034
6341,23.0944,2.86094
6710,23.4856,3.64016
1884,27.6751,3.91491
6361,25.6349,3.96482
5516,26.1981,3.96503
5839,30.805,4.14854
6304,24.6763,3.84027
6441,20.4894,4.60592
6375,23.1488,4.11996
5449,25.7026,4.03637
5453,24.5978,3.17394
6028,25.1664,4.67224
5823,28.0317,3.28135
5522,25.1982,4.49552
5308,26.1383,4.57365
6399,24.7382,4.66404
6383,22.7259,4.47137
5849,24.5592,4.44768
6360,25.7522,4.5968
6385,24.3822,4.63263
6362,25.5287,4.4001
6392,25.8159,4.40995
5451,24.5545,4.33078
6439,25.152,3.12171
1797,25.5145,4.14327
6365,22.8346,4.72671
6356,24.0667,4.57548
5820,23.925,4.76568
6374,28.324,4.85542
6386,19.9482,4.65987
6450,20.876,4.80183
6766,25.1876,4.33069
6433,24.8042,4.76728
6376,25.0735,4.53669
6394,21.7095,4.54321
6487,21.848,4.38549
6393,21.5817,4.60898
6494,23.7011,4.74946
6354,24.4072,3.52147
5445,23.3367,4.64468
3721,23.2223,3.6878
2896,27.758,4.04002
2090,23.9474,4.09021
6704,23.876,4.15421
368,25.341,3.99897
359,31.0949,2.42837
2439,21.25,3.79915
1378,24.4708,4.22741
3008,25.0194,3.41406
2445,25.2221,3.78799
2438,28.2009,4.19382
2444,27.177,3.85966
2853,21.4588,4.05682
5625,20.9857,4.3813
5605,22.0334,4.33468
3800,26.8106,4.54542
6309,21.6865,4.317
3878,22.2339,4.24145
5831,23.1174,4.27596
6308,20.2672,4.54298
5701,23.0701,4.59841
2477,17.2461,4.50068
6353,22.5992,4.4208
3881,23.6207,4.09722
2441,19.9434,4.35983
2504,23.0635,4.23023
3245,26.3326,2.8382
3239,25.0357,2.91917
3006,27.2145,2.83766
6680,25.9317,4.16074
3230,27.6071,2.95865
4598,23.6519,3.05685
6546,25.0067,3.29907
5933,23.5355,3.11849
6358,20.2382,4.13375
5461,24.7712,4.10682
3166,20.048,3.12336
1566,23.6917,4.0423
6400,23.8826,4.17261
1569,18.8646,4.38461
5871,23.9675,3.28539
1891,22.6204,3.4212
3145,23.6571,4.04609
2594,22.3873,3.17165
3562,22.0807,4.16807
4175,23.2939,4.41442
3513,25.6634,4.1988
2451,28.2355,2.44097
1511,27.1744,3.15346
1625,27.0964,2.56114
5847,31.6636,3.0248
1986,31.6548,2.67672
1756,25.2613,3.4095
144,26.3576,2.62029
2526,26.5589,3.80363
2338,23.6144,3.44414
2039,23.5934,3.32037
4096,24.2589,3.10494
5822,25.947,2.94965
1736,25.2326,3.15654
2022,23.7855,3.63496
4655,25.4227,2.8374
111,24.7497,3.39412
1723,21.9787,3.47979
4213,27.3357,3.37367
1405,27.7911,3.34206
3620,28.9356,1.83619
2704,21.5202,3.6934
3067,16.7117,5.15706
3138,24.2109,3.46551
4979,24.3765,5.03762
2725,20.6683,5.02044
3734,20.4683,5.1326
2781,22.5064,5.05491
5934,20.6435,4.9749
101,23.4286,4.96119
1739,26.1983,3.66315
4787,22.2215,3.56679
5811,21.8946,3.5798
4292,20.1878,5.16954
6651,23.417,4.9287
5125,26.6667,5.01816
5350,25.9014,4.85242
3110,21.9239,5.09021
4645,23.6616,3.44957
383,24.4897,4.96459
4284,23.7736,3.49218
1781,27.3299,3.45002
3488,25.5197,4.96862
2136,23.9578,5.20679
4241,22.7256,3.2817
3352,24.0474,3.22951
2709,26.0173,3.42378
2151,23.6053,4.70889
2169,27.1449,3.14782
2220,26.4734,2.96451
2481,30.6032,2.90972
5442,24.695,3.06876
706,26.8006,3.12054
2826,23.9679,3.04969
3695,27.378,3.01294
81,19.2206,4.48569
4212,21.082,4.30492
171,23.1228,3.23056
4156,23.8114,4.32966
2358,24.5769,3.22515
4296,25.6569,2.74053
3692,22.9861,3.21875
1741,25.4977,2.11786
1720,25.2614,2.18364
4926,25.0491,2.06932
3176,23.4775,2.31274
292,25.473,2.21375
829,25.0259,2.30217
5188,24.0009,2.21658
6498,24.5048,2.12976
1529,23.8443,2.08581
3147,24.7156,2.22976
135,26.2081,2.28548
234,28.3811,1.89829
1747,23.2844,2.23033
868,24.7952,2.18898
1501,27.4521,1.90787
3940,22.611,2.10855
1018,26.6305,2.1645
1024,24.5368,2.1356
4103,24.1265,2.22394
4485,25.2847,2.39264
4580,23.1857,2.22477
4982,24.5063,2.26975
71,28.2652,2.20311
4272,26.4005,2.05903
3494,24.0615,1.94894
461,25.2622,2.38348
3865,23.0472,2.38636
447,21.4535,2.16916
6451,23.1211,2.40672
5484,24.1869,2.36479
2197,26.5844,2.32087
6721,22.0617,2.36761
5502,25.0376,2.18435
74,26.3214,1.76163
4824,21.8006,2.84174
2771,25.3606,1.80958
3357,26.4495,1.88143
4004,26.6015,1.93839
2909,22.2693,2.74754
6012,19.3808,2.81216
5110,25.5505,2.30754
3936,22.428,2.73833
2171,23.3335,2.65616
5403,24.049,2.82892
2867,20.9757,2.86675
1646,22.6834,2.76102
3180,23.3613,2.53347
3947,24.6609,2.61124
5944,22.7519,2.65155
45,19.4689,2.64812
3559,22.2875,2.70836
5402,22.1435,2.75776
5010,21.2895,2.61596
3487,24.5917,2.70381
3339,26.3992,2.2057
2231,26.1413,2.05196
3075,23.1412,2.2722
4320,26.7386,2.12783
3835,28.6469,2.21784
5635,24.3019,2.23572
5614,27.1748,2.32781
6736,22.3195,2.3428
2096,26.8136,2.22454
3211,29.2847,2.24545
1577,27.493,2.14546
5554,22.6889,2.3048
5987,22.8075,2.44639
4744,25.0089,2.21778
6104,23.4523,2.49532
6741,23.7215,2.45293
1943,26.3207,2.24315
3388,23.1831,2.34547
2212,26.3144,2.43935
2679,22.9232,2.28339
5135,22.1319,2.76903
4661,23.9479,2.54612
1954,23.0055,3.00249
6149,23.6568,2.8876
4416,24.179,2.99657
6739,20.7182,2.96376
1576,22.2499,2.84381
4649,22.5196,2.77626
5273,20.768,2.76599
3478,29.2305,2.58002
4587,26.8906,3.13609
281,26.362,3.16906
2613,25.3992,3.3933
4063,29.4831,2.40291
1730,29.3287,3.57846
283,27.4171,3.20539
4107,25.7224,4.61854
5953,26.6757,4.97436
6068,27.007,3.45264
1818,22.2306,5.23255
6677,24.1723,4.87803
2078,28.9534,4.99541
6103,24.785,4.90878
4053,21.7847,5.14137
4087,23.8237,4.89583
4641,21.5719,3.87133
5965,23.7885,4.99232
1927,25.2501,4.94436
3946,21.8535,5.07044
5997,22.372,4.85804
6614,22.751,4.91428
2221,21.6861,5.17582
4209,23.4474,4.94208
4336,23.3095,4.93747
4353,22.9839,4.68027
5863,21.2013,4.97742
590,23.4741,4.86189
5325,16.7635,5.05892
5971,21.1624,4.95689
5785,22.8711,5.12615
4978,22.4337,4.98878
3666,23.5783,4.86495
5864,22.0464,4.81451
6179,25.6056,5.32832
6489,26.1235,4.82343
3606,26.9945,4.93129
5168,25.7549,5.09993
95,27.5553,1.89767
6763,26.133,2.15144
3958,26.1243,2.15387
5687,26.9682,1.73463
6367,20.7903,3.08918
1965,23.6011,3.09487
4034,23.8681,2.51841
1517,25.9695,2.6197
6690,25.7967,2.3468
2876,21.198,2.80921
1307,24.2719,2.81282
213,27.5043,2.18954
4796,24.5284,2.83835
5506,23.2369,2.72571
6620,24.8335,2.47417
4042,22.6341,2.87235
5969,21.0529,3.11573
1721,26.5145,2.17425
5556,25.5581,2.16376
1289,22.8921,2.69651
1027,25.8822,2.9493
4564,27.8802,2.11439
133,25.2352,2.21372
319,24.8612,2.64804
4906,26.7686,2.25464
3930,22.1925,3.00062
58,29.2275,2.13776
1058,28.1895,2.01237
5735,24.9134,2.30256
246,25.9077,2.93276
5459,26.076,2.81521
4909,25.9298,2.21562
2084,27.8501,2.06572
6324,22.5089,2.84444
5962,24.6343,2.78498
4311,21.9233,2.99562
6762,17.2399,2.95266
3451,21.5917,3.06211
6335,21.7421,2.97882
6161,20.4823,2.98276
4555,22.3124,2.97937
4929,24.9132,3.00548
6731,26.5094,2.74505
6617,23.1102,3.03451
2713,23.2898,2.87957
1474,23.7074,3.00629
2423,23.818,3.19487
5122,22.0934,2.94649
190,26.5819,2.05192
1519,30.5932,1.99025
2370,27.798,2.07099
1350,22.7083,2.75466
1768,22.7615,2.33719
3719,25.9141,2.07034
2342,25.9068,2.15352
2262,25.2101,2.80275
3466,25.0332,2.83023
4905,27.3335,2.23755
1153,26.7961,2.1112
1786,23.8374,2.78255
3236,25.0367,2.80954
69,24.3483,2.71946
2523,23.4977,2.23097
4041,27.4203,2.2563
4048,24.5965,2.80663
501,27.1476,2.16219
5813,26.0347,2.06179
6329,25.3138,2.23804
1277,25.9154,2.83612
663,26.9921,2.72318
3780,22.1854,2.94042
1735,22.7097,2.91964
2877,22.7324,2.75907
6337,26.8323,2.18823
126,22.9501,2.92051
166,23.7666,2.82037
102,24.6088,2.02313
3650,22.2541,2.99611
1915,25.3625,2.92374
1727,24.1664,2.72302
2912,24.5169,2.78029
3455,23.0438,2.81012
614,23.4023,2.75737
1719,24.8343,2.57444
3283,24.4985,2.98824
5569,20.8566,3.01231
5979,23.5895,3.02005
888,23.4506,2.76436
6543,22.3518,2.95442
4067,24.5983,2.80167
2819,23.174,2.97957
6504,20.3048,2.97505
3389,24.2826,2.87526
4099,24.3698,2.94657
1446,21.1013,2.88087
4821,20.684,2.94929
686,22.6788,2.57072
2186,22.0223,2.69218
3714,23.8026,2.73727
4505,25.3376,2.69577
3748,22.195,2.72181
4137,21.0035,2.72469
5830,22.1837,2.63947
6505,24.2223,2.80173
2068,18.8052,2.77872
6213,21.5948,2.80163
5841,22.8506,2.88079
2961,23.665,3.74963
4949,19.4324,2.83954
5549,21.9033,2.71303
116,22.2452,2.67535
611,24.9154,2.74912
6584,24.2703,2.50446
2900,22.4755,2.6022
339,25.6926,2.88108
2911,21.8511,2.75917
2988,20.5919,2.71477
6691,24.3759,2.59389
4546,27.3353,2.71852
4925,23.3362,2.67388
6172,23.2058,2.73509
3597,24.5896,2.80854
4473,25.6843,2.80747
4958,21.3293,2.84236
5633,24.0502,2.81047
3656,27.3242,2.37105
5530,25.2093,2.20861
5066,22.5913,2.16091
6101,25.7043,2.4337
68,26.6811,1.85402
3668,24.8442,2.66008
3322,24.8379,2.68304
6556,21.1928,2.59157
1076,25.6071,2.71614
5222,21.6084,2.82308
6150,26.1082,2.6875
4405,26.6171,2.16655
862,27.7107,2.24659
5603,25.526,2.38253
1502,23.9651,2.93984
4819,24.5842,2.79627
5853,20.6586,3.0043
4568,24.6328,2.75486
5710,25.2408,3.23707
4384,24.4115,2.95317
6092,23.7704,2.8033
3773,23.8323,2.94241
6033,24.4091,2.79984
3641,26.3339,2.54835
6190,24.5182,2.80424
5688,24.653,3.02966
4811,21.7266,2.56963
2832,27.725,2.14656
2048,21.2724,2.95624
1189,23.9213,1.93943
6108,24.6781,2.65345
6566,19.4187,2.97523
818,25.8319,2.2209
6099,22.4663,2.62228
3096,22.3717,2.58113
453,25.6212,2.81345
5239,23.7321,2.78914
4815,25.2368,2.52756
5756,22.8992,2.25454
1188,23.7812,2.2972
201,25.2921,2.3226
6633,23.3384,2.84751
5214,22.2121,2.89915
5642,23.2012,2.89308
6096,21.2221,2.897
6567,23.3701,2.88654
5478,18.8579,2.91881
4758,21.9036,2.80498
5197,23.0387,2.93768
3632,22.1866,2.8437
4507,24.189,2.75588
5555,24.4079,2.78092
6532,22.0214,2.848
3398,22.425,2.92772
5114,26.5184,2.03504
6075,27.6198,2.04603
2767,28.4219,1.99123
2619,26.2359,2.05066
4391,31.479,2.12071
85,28.0905,1.99636
107,22.9209,1.77457
2337,28.6637,1.81358
4237,27.4415,2.24929
217,26.5486,1.83567
910,30.7135,1.8093
5162,25.0617,2.08135
302,26.9707,1.92791
6548,25.4188,2.13819
1596,23.8092,2.26452
1506,27.108,2.20539
4362,25.9912,2.2649
3414,25.6452,2.17426
5205,26.3438,2.04785
5256,24.2132,2.27431
1322,25.2765,2.3076
6090,26.5731,2.39076
2604,21.2832,2.41441
4216,26.9289,2.25055
3534,24.3777,2.25875
5980,24.805,2.06529
4381,23.3688,1.99191
5509,28.444,2.15334
5462,27.5205,2.1728
6569,24.0795,2.09433
4392,26.0185,2.22466
894,27.7279,2.25236
3875,23.4432,2.27957
5173,24.1624,2.15091
3770,29.562,2.21629
1918,25.3946,2.0914
4003,26.9672,1.99559
5675,27.7865,2.08863
904,28.6127,1.97573
3688,25.1623,2.18
6558,24.6756,2.3728
2145,25.9018,2.28155
573,23.8611,2.11942
5166,27.4596,2.13218
1940,25.2897,2.36061
6098,24.0142,2.23029
857,24.5659,2.26516
6637,25.6009,2.3666
5086,27.3064,2.22291
4970,27.5518,2.08481
314,27.8231,2.13934
3546,26.4975,2.04641
66,23.8447,2.33518
2612,26.4411,2.23741
3452,24.1529,2.07267
3572,22.0121,2.22883
6020,25.5461,2.08719
4377,23.3173,2.1827
1243,28.3589,2.18002
5204,27.5105,2.2096
5460,27.2619,2.13733
3767,22.107,2.33813
5623,23.1225,2.28472
6097,24.1027,2.19761
5878,18.8054,2.91213
5989,22.2157,2.83235
5706,20.7755,2.9439
4988,22.2643,2.5781
6088,25.0372,2.72625
6113,23.5314,2.56637
5072,25.0911,2.59192
5702,23.4255,2.71991
3602,23.3214,2.87195
6557,23.99,2.95775
4375,22.7898,2.71818
6581,20.2991,2.81804
6079,21.286,4.21181
5213,24.28,2.81406
6112,19.2541,2.86224
5714,24.2048,2.93282
4827,24.0418,2.84545
4835,21.4199,2.83483
4715,22.7268,2.93517
6345,23.4244,2.89299
5175,25.758,2.80196
5486,25.2477,2.90717
3617,22.4377,2.68039
5248,24.5279,2.69929
5227,23.4873,2.78785
1254,21.866,2.78522
5535,24.9307,2.7464
1504,23.3969,2.75119
4453,23.8766,2.78366
5182,23.5804,2.85085
5194,24.9654,2.84075
5674,24.5742,2.80521
5501,25.6075,2.15298
6043,25.825,2.88777
2959,23.8828,2.2542
6094,23.2339,2.95197
6580,24.3513,3.04393
4408,23.1501,2.96916
4956,21.7953,2.92289
6119,25.0863,2.41832
5685,24.1934,2.84849
3658,24.7671,2.88447
5161,21.999,2.96337
6002,25.4826,2.14861
1677,26.4433,3.07553
6568,25.2799,3.02069
6011,20.5887,3.02925
6588,24.6851,3.00204
858,22.5935,2.94091
6138,23.0035,2.90883
6589,23.5684,2.85111
5523,22.9404,2.69739
4776,22.8838,2.71263
5517,25.0704,2.73719
3536,23.9491,2.66553
3707,23.8947,2.72928
4998,25.412,2.79212
5235,23.6695,2.86969
830,24.7802,2.68956
6081,24.2568,2.73964
5697,23.4475,2.78003
5695,26.9648,2.84648
5238,22.8581,2.91235
6591,26.2103,2.84184
3568,22.2218,2.86211
5203,24.2987,2.91588
5703,24.8813,2.80416
5538,21.4345,2.75774
5704,21.1558,2.77571
4840,19.4348,2.76522
5527,22.936,2.70239
5046,25.319,2.562
5612,22.7891,2.75775
3667,26.7438,2.79158
5234,24.9001,2.65992
5774,22.1227,2.76278
5713,23.8456,2.89388
5926,23.7618,2.74539
5201,24.178,2.65797
5661,24.4856,2.66965
6071,24.3841,2.95017
6067,25.7073,2.79767
4380,24.0782,2.7556
468,21.784,2.83627
5487,21.4499,2.82086
4382,22.4985,2.81899
6093,25.7356,2.65815
5251,18.9738,2.8276
5447,22.3787,2.89616
6073,24.7696,3.00172
4482,22.736,2.5226
6065,23.1615,2.62264
3234,23.9035,2.63468
5056,23.6039,2.69334
6114,23.6086,2.75505
4855,24.8658,2.61094
6571,18.6949,2.9315
5473,20.4475,2.82171
6531,23.8972,2.7889
5664,20.0756,2.84926
6534,18.4146,2.82005
5963,21.584,2.77525
5470,22.7951,2.91661
6428,20.7003,2.86315
6089,25.0247,2.82643
3458,22.5356,2.7966
6638,25.3673,2.95102
4337,21.6748,2.69912
6600,19.5089,2.93323
5215,25.3784,2.55427
5660,24.9609,2.49791
4994,25.2644,2.6282
5260,24.1885,2.70168
322,20.4149,2.54248
6559,20.9929,2.90997
6583,21.2787,2.73271
6019,23.4833,2.75175
6631,22.6392,2.74585
5084,25.307,2.68145
6053,24.2631,2.4871
5559,26.1299,2.61834
5676,24.4443,2.57118
3603,22.1806,2.74918
5448,23.2039,2.56038
6595,20.4809,2.76899
6594,23.2733,2.82001
6592,21.7552,2.78014
5152,25.0788,2.66884
6635,21.9224,2.69672
6078,20.8797,2.68356
5156,22.762,2.60964
5217,22.5326,2.64434
5531,25.9002,2.66174
5255,22.3295,2.71317
6615,22.6226,2.61209
2224,24.7717,2.69534
4768,21.0299,2.66232
6616,22.6487,2.57933
6742,25.6469,2.68304
6152,23.8788,2.70605
247,25.767,2.07653
5167,21.1254,2.49266
2851,23.3624,2.53848
6338,23.4814,2.59836
6120,22.7623,2.55781
3619,25.5621,2.56681
6013,20.7857,2.73449
5712,24.5763,2.41287
703,23.653,2.63536
5216,23.6763,2.66976
5424,25.8634,2.86365
6102,24.2079,2.57879
3570,25.1976,2.73555
5231,21.3089,2.63209
6611,22.244,2.8176
6597,24.4461,2.69675
6493,22.6569,2.87599
5982,20.4435,2.834
5504,23.1393,2.83566
5229,23.984,2.61287
5257,23.8525,2.9237
5193,23.7622,2.65328
6100,23.3356,2.61197
5622,23.1304,2.76326
5610,25.5026,2.42567
6627,23.8756,2.55707
5316,24.9773,2.42224
5927,27.0045,2.40576
6128,21.4954,2.69757
2405,24.0906,2.53061
6122,26.9668,2.80527
835,22.8217,3.50357
6561,23.9918,2.66856
6599,23.4876,2.71542
3755,27.9321,4.48572
3293,30.1704,4.35081
4539,29.3957,3.04141
93,28.1364,3.03028
5253,23.698,4.89102
3275,27.0099,4.79075
4181,24.7981,4.98662
5299,26.9494,4.96354
6318,26.2067,4.78668
4728,27.6197,4.78084
5913,22.8349,4.6976
4480,23.6313,5.14691
4397,26.7289,4.9826
3840,19.0208,4.9983
4845,26.7318,4.8236
2227,23.4978,3.52056
2264,24.3402,4.68497
3042,23.2245,3.80034
2503,25.0051,5.10482
3102,23.6871,3.5415
3740,21.1782,4.90424
3277,29.7551,3.58208
4182,25.0286,5.2719
2538,28.1547,5.30329
2531,25.3258,3.5324
5658,25.7119,5.25875
6453,26.9998,5.30881
1714,27.6083,3.24318
6217,20.4007,5.03819
4360,20.1891,5.17672
6720,27.6344,5.17569
6056,22.4883,5.20135
6663,20.4998,5.29282
5999,19.3299,5.38421
3276,24.9852,3.50058
4511,23.3142,5.21606
6160,21.5508,5.10264
3750,25.8256,3.64734
5998,26.3645,5.12827
5542,19.6459,5.30116
4217,26.5292,5.02503
4741,24.5207,5.16013
4674,29.4643,5.41094
4260,19.3961,5.28957
3294,23.5606,5.4241
6022,26.2169,5.10229
4238,23.9462,5.36899
6047,25.8134,5.18742
2977,25.0208,3.80816
3134,27.3333,5.40673
5464,24.4691,3.37904
3054,22.124,5.02549
4166,22.5887,5.2198
3291,22.7318,5.25281
6146,29.4287,5.19919
1710,28.9537,3.24103
3691,22.6808,4.80924
2129,24.806,4.98885
1806,28.0629,3.1588
4663,24.5045,4.6461
3197,24.3055,3.35822
2472,26.3079,3.21746
6749,21.9413,4.34868
5801,26.8285,3.3157
3610,21.3929,5.13682
5278,20.4407,5.28189
3292,22.4641,5.11673
5626,24.9206,5.26012
3055,26.7166,5.10816
2207,27.7251,5.00723
2957,23.5345,4.90433
2654,22.0096,5.29334
5275,25.121,5.05876
4693,21.5129,4.97593
2667,25.565,5.03835
2549,20.082,5.1123
3848,22.0327,5.08139
2606,24.7818,5.03002
4215,27.4486,4.88856
4225,20.6276,4.98332
4687,21.1719,5.20484
5340,25.8418,4.92474
3926,27.1645,5.03544
6480,19.4201,5.13072
4277,24.9912,5.08622
4632,26.484,5.04331
2525,29.9389,5.01534
4626,19.9014,5.12767
2225,25.6965,5.28307
4648,24.6516,5.01735
5826,23.4307,3.55573
5290,21.9254,5.26678
4778,25.2126,5.06069
4959,25.1628,3.08058
935,29.3827,2.69784
624,26.39,2.38938
2345,21.0444,4.8237
5013,18.6351,3.6958
3172,28.3339,4.81475
1769,23.1054,4.74977
1825,21.7566,4.89074
2560,23.2973,4.54021
5268,23.2397,4.62831
1810,24.1609,4.38819
6542,25.3575,4.55587
5968,23.6676,4.04839
1997,28.3969,3.90335
2164,24.5273,2.90183
5918,26.1134,5.05001
5141,22.0883,4.97059
1994,23.9759,4.82593
2874,23.6343,4.0015
5082,21.9131,4.9113
5126,22.8595,3.96027
3485,20.2579,5.03446
2335,19.8625,5.10795
1984,23.0768,5.27145
1737,24.3631,4.83816
5119,27.3579,5.12595
1982,22.9997,5.07295
2353,22.3765,4.82933
2346,22.565,4.68148
1847,21.4407,4.974
2001,23.4057,4.78619
1827,28.548,4.99809
6419,22.8886,3.70619
1763,24.0372,4.84724
1777,27.4152,4.65478
2167,22.4462,4.74952
5189,23.6245,4.67241
4455,23.6096,4.72947
2357,25.6838,4.95103
1802,23.33,4.71552
4809,23.1886,5.02969
5098,26.0319,3.54717
2457,24.7726,4.67771
937,25.0528,4.74903
2590,25.8972,1.97258
1807,26.9771,2.38204
3929,26.8222,2.07751
272,27.3904,2.12609
4750,25.7529,2.15594
365,30.4543,2.08601
25,28.5439,2.1121
75,26.211,2.11242
222,26.4797,2.08957
225,26.3902,2.23026
5895,26.8703,2.35515
1676,24.9465,1.98947
219,28.4617,1.98298
203,23.1835,2.42014
1640,25.2775,2.23064
103,27.1097,2.1873
834,28.278,2.12195
341,23.7134,2.30898
11,27.0729,2.08918
5401,25.2752,2.30161
193,24.4403,2.38596
2607,26.0351,2.22558
3974,27.9079,2.28695
4285,27.5567,2.3238
3637,23.5475,2.28988
2600,23.6217,2.27513
293,27.7024,2.40187
6226,24.4459,2.0531
1391,26.6545,1.86762
747,26.8895,2.25241
223,26.7771,2.11801
1279,27.0502,1.99313
3142,23.0211,2.50588
486,23.2845,2.24186
1218,24.7534,1.99764
5407,24.1943,2.00474
5404,24.8788,2.47246
5181,22.4583,2.21873
5420,23.9659,2.41593
4342,30.9535,2.09795
816,23.7451,2.27819
708,25.6188,2.02581
1257,25.2242,2.54775
1370,24.3974,2.37883
2458,23.7903,2.34254
2539,23.4631,2.21832
316,25.0726,2.40108
1712,23.3623,2.42356
4575,25.5766,2.16839
555,24.7043,2.39459
1403,25.0473,1.93033
433,23.6622,2.2228
1495,25.5711,2.25368
4637,24.7234,2.1425
56,25.574,2.40864
2729,23.9661,2.33109
5696,29.8666,4.32864
3158,31.5467,3.10514
4723,25.9875,4.28799
2283,22.3701,3.04251
5887,29.8484,4.01755
3527,27.4627,4.14231
3472,27.9922,2.96251
4584,27.0005,4.61567
5716,29.3464,4.64573
4735,26.6078,3.13266
6606,28.9567,4.21452
3794,23.9017,3.26751
4371,27.5985,2.86705
6348,25.5755,4.29326
6170,22.5651,3.22526
4401,24.18,3.21235
5133,23.5575,4.34871
5948,28.3964,4.73484
4262,22.6377,4.52115
4782,22.1274,4.88943
5344,21.0519,4.7316
6694,22.9293,4.6669
6708,25.4629,4.89683
5932,23.5523,4.94887
5750,23.808,4.87082
6048,22.4307,4.76401
4775,21.9145,4.90182
6676,19.8905,4.92189
6689,19.5196,4.87724
3480,21.4066,3.47149
6608,21.9956,4.79769
6607,23.4984,4.85214
4685,20.9739,4.88826
6604,20.6055,4.77777
6106,23.4105,4.96066
6319,27.5313,5.01646
6605,22.8759,4.71139
4731,25.2171,4.71884
6666,28.6017,3.75497
5705,22.3397,3.71024
5312,21.8796,3.10751
5093,23.9565,4.30111
4603,24.6661,3.00934
5959,21.4879,3.94085
6199,24.7376,3.91582
6200,23.9191,3.75165
6702,23.574,3.72997
6444,19.2878,4.38439
6483,20.7307,4.03241
6507,23.0061,4.25601
6407,24.3605,4.19491
6652,21.7277,4.50505
6156,21.3023,4.04023
4746,20.8716,4.33856
6634,22.4393,4.10076
6010,19.0792,4.25083
5874,19.9669,4.11447
4935,26.2575,2.38559
977,22.2184,2.38133
5679,22.3266,2.36923
5511,26.5774,2.02087
5854,21.8028,2.07387
2640,24.6519,2.41213
5607,20.0579,2.66242
3402,28.5063,2.21187
3459,23.8047,2.30159
3215,23.2248,2.65105
3680,22.9287,2.7692
4290,25.8142,2.23169
2655,23.42,2.32694
6639,23.965,2.39762
3506,23.3643,2.13509
4767,24.7029,2.80132
5727,26.7231,2.87141
1533,29.2354,2.23233
587,29.1931,1.88348
1225,21.5112,2.43596
3971,23.0569,2.81128
6004,25.9263,2.40494
4291,24.8081,2.69712
3661,22.4501,3.05837
3196,26.4251,1.99028
2059,26.9477,1.84658
3229,25.8986,1.99986
4561,24.3521,2.16911
900,25.0044,2.05527
6500,27.4834,2.1537
6729,27.2934,2.26645
3737,27.7582,2.17414
6502,23.2324,2.21438
5190,26.8853,1.98544
5544,25.1887,2.09471
435,27.2017,1.7931
2682,23.8971,2.22662
2642,28.162,2.05301
5160,26.1896,2.02733
4829,23.2484,2.29623
6565,23.9231,2.05445
6332,25.6258,2.2239
5518,22.8154,2.69285
3331,22.8954,2.64526
6214,26.6733,2.83783
4816,22.5354,2.57514
6240,21.8952,2.74127
3845,24.3803,3.81119
3822,23.1165,2.88388
6215,22.334,2.80671
4795,25.502,2.47028
6003,23.8402,2.68356
4534,22.6545,2.63732
3796,24.3791,2.52399
5919,19.7458,2.82494
3336,22.3154,2.71188
4828,21.7919,2.76399
6426,21.9574,3.66043
6512,22.2092,2.75341
5762,23.3911,2.60056
1073,28.3518,1.96137
131,26.9567,2.02448
6328,26.8195,2.0569
238,25.7986,2.10836
3467,23.858,2.1825
1729,24.6911,2.5093
1247,23.9007,2.66988
138,25.4351,2.42312
885,24.1103,2.5753
3323,21.5904,2.73818
509,23.4888,2.57562
5902,20.7032,2.77182
1512,23.0105,2.73249
811,22.1125,2.56326
1100,22.9133,2.5374
467,24.5708,2.57366
752,23.3057,2.79439
1989,26.2821,2.62317
4573,25.8232,2.71494
3340,24.0415,2.76923
1626,23.2628,2.94503
41,22.7241,2.75111
4281,25.4163,2.88518
4035,20.1228,2.87733
5310,22.4531,3.03727
224,23.0017,3.02108
265,22.1775,2.73045
2559,23.0585,3.15718
6203,22.3283,2.78884
136,22.6783,2.78159
3515,24.8058,2.86951
5666,23.8559,2.7794
714,23.2598,2.92024
5992,23.9596,3.00423
4653,22.0552,2.40323
2554,21.5606,2.60003
1089,23.5993,2.81311
1672,24.0717,2.6883
4361,23.8575,2.68424
5624,22.638,2.6434
1811,22.1559,2.58926
2577,22.3085,2.70502
1228,24.5133,2.8711
5732,22.2069,3.75666
2070,23.5498,2.68061
6016,20.7417,2.72566
5438,22.1803,2.72967
2495,24.5938,2.70704
6327,26.2337,2.89788
3167,27.1155,2.40749
1647,22.9545,2.74897
2180,24.2371,2.92789
2191,23.7533,2.68331
87,23.3577,2.96794
5113,22.9161,2.99039
5684,22.5899,2.95947
3151,24.8804,2.57445
5938,20.3245,2.7236
5457,21.6844,3.01113
709,23.0302,3.07839
204,24.6821,2.11801
148,29.4144,2.33797
987,29.3707,2.98146
988,20.3499,4.60162
6436,25.1298,4.43523
6519,25.9187,4.15837
6060,25.0152,4.04657
5049,21.0951,4.26336
3624,29.3594,2.83306
5736,29.2958,3.93841
329,26.8812,3.19185
5099,21.6245,4.44062
271,25.6595,3.24078
4567,23.4904,3.9584
514,26.6056,3.11271
4458,22.8969,3.04458
5254,18.9933,3.33754
287,26.3825,3.4982
870,25.6806,3.35759
3171,22.0207,3.27711
601,26.0848,4.46795
2638,25.2365,3.59791
6746,22.5224,4.82319
2027,21.3968,4.67664
1751,29.8279,4.51265
871,25.5813,4.68462
2487,24.611,4.43901
1554,21.6521,4.84342
1803,17.8925,4.6576
3137,23.7554,4.65955
4006,26.1556,4.60715
5659,25.7428,4.58917
545,24.4208,4.81844
6423,26.092,4.48783
564,28.1503,4.6524
1601,22.3105,4.61086
1468,22.4626,4.47274
1546,21.1074,4.69159
533,27.492,3.52192
496,24.5655,4.42563
2347,24.0363,4.42376
1537,21.2593,4.45372
884,25.946,4.58927
358,22.2355,3.31665
352,27.6443,4.5776
569,21.8046,4.64038
2161,24.4091,4.80383
6422,23.8329,4.68844
28,23.6999,4.63522
333,31.2883,2.8149
5891,27.8025,3.89395
335,23.7954,4.50048
743,21.2578,3.54699
2791,28.8057,2.78092
6415,24.964,4.36378
4528,25.8051,4.52003
1660,25.1893,3.51986
2344,25.1869,4.13261
2579,25.2679,4.16519
5030,25.4525,3.3158
334,23.7018,3.78346
4299,22.3673,4.64422
4383,26.0275,4.71379
1230,21.3607,4.67847
6402,18.3028,4.59675
4640,26.0049,4.72642
5421,27.3016,4.70062
4263,22.968,4.66288
371,18.4226,4.79619
6431,23.0596,4.48495
5806,24.3703,3.70508
640,23.6688,4.43448
354,24.4464,4.46306
4856,22.0123,4.41679
2895,23.0835,4.74897
6195,23.0777,4.57495
3017,24.2026,4.48569
5298,21.6698,4.58777
4773,22.474,4.60434
4012,25.3446,4.47737
806,22.8111,4.54667
6590,26.7043,4.543
3760,25.516,4.5793
3015,29.4593,3.1513
191,30.2516,4.18533
3799,25.4051,4.20356
1507,29.2445,3.20753
340,31.8424,3.09566
4930,27.3861,3.54407
2399,27.9884,3.36305
578,25.1249,3.41143
1126,23.1738,3.50848
1559,26.4974,3.07278
3003,26.6547,3.63221
5590,24.1923,4.64419
174,26.0741,3.51734
6490,29.2431,4.33714
3838,25.7625,4.31358
378,22.6828,3.51396
3951,28.2734,4.42527
2340,25.9495,3.61152
3988,21.926,3.9244
4023,21.5068,4.8045
2228,24.1351,3.36346
3157,27.2335,4.35285
1591,24.0725,4.4784
5947,25.9157,4.65614
5418,23.7989,3.66509
1518,29.9524,4.75511
1450,20.6568,3.75881
1765,20.8984,4.66699
1585,23.637,4.74128
1551,24.374,3.76244
296,23.7995,3.67766
695,22.904,4.65189
3173,22.8577,3.67669
3193,23.7631,3.68473
3181,23.6745,4.69589
4508,29.1939,3.62134
5952,25.2343,2.96835
3117,26.6065,3.1739
145,25.5169,3.95697
6459,23.0566,3.66949
229,27.8753,3.21315
1493,22.6707,3.95574
3990,26.1896,3.1375
4203,24.9678,4.11684
5236,27.8218,3.85039
5149,24.5218,3.68079
5881,23.1803,3.81549
4083,22.9252,3.47287
5964,22.1809,4.15287
3986,22.1348,3.40461
3550,24.7957,3.22125
5240,23.2997,4.09697
6484,21.8436,4.23974
6463,26.2158,4.02218
5585,24.417,4.06115
6621,22.6508,4.08422
379,26.8866,3.09007
4028,33.0605,3.02815
156,26.9267,2.93334
4085,27.8591,3.10651
3324,25.5243,3.35963
4121,22.5584,3.34679
291,25.8345,3.03164
2614,29.3946,3.13876
4145,24.2762,3.34357
4050,25.8458,3.25091
2632,26.206,4.56954
5413,27.9796,2.96701
5973,22.1616,4.81001
1590,20.9515,4.98912
4467,21.3758,3.50664
6032,22.0878,3.50729
2051,22.8991,3.49042
5667,21.9391,3.52549
128,20.5945,4.84357
3591,24.1988,5.01194
6355,27.8181,4.74538
677,18.599,5.10352
2603,22.2529,3.59626
4119,21.5644,4.84412
6460,25.5253,4.86126
6027,21.848,4.89936
1787,23.6988,3.55089
4601,22.4188,5.12496
451,21.7326,3.3988
5077,23.5062,4.85846
4269,24.2381,3.49412
3484,28.6581,3.44753
4611,26.7725,4.86714
3356,23.2607,4.81152
120,23.8297,4.05432
4780,20.667,5.0661
6181,26.4593,5.03668
3504,25.4491,3.24961
2172,26.45,3.18609
1248,26.0634,5.04018
1308,20.2423,3.44738
1038,25.0175,3.38078
48,26.5824,2.26492
554,26.0901,3.58223
3201,29.1219,3.47196
2252,29.7992,2.62345
1317,25.0846,3.89612
337,22.6444,2.91859
63,25.3549,3.24636
1466,22.2349,3.07608
3010,27.1498,4.10817
1014,23.4519,3.95918
3260,26.3191,3.05733
3266,23.5338,4.33254
6084,21.7142,4.10902
6185,22.9496,4.2543
5146,28.8953,4.44604
5740,23.9449,3.3172
3966,25.4033,3.27506
279,21.6779,3.15496
4283,22.1761,4.37266
6765,21.5341,4.21797
4521,25.3256,3.37218
2856,23.4764,4.3732
5492,25.9643,2.99812
3777,24.5534,4.38311
6384,21.2275,4.10808
6026,33.3379,4.27824
4005,27.3148,4.45647
3931,26.9812,3.70442
2359,30.3573,3.43403
2395,21.9805,3.20456
2795,20.9156,4.51578
2352,27.1933,3.12151
2341,25.0371,3.04202
5550,24.8382,2.97312
2398,24.9188,4.85016
2373,23.011,4.46838
2773,27.4624,4.00165
3247,26.0296,4.8289
3660,24.6548,4.43493
3163,24.6124,5.0553
2388,25.8194,5.17939
1742,27.5776,5.18366
31,20.0078,4.05313
2424,20.9317,5.17456
5730,24.7536,5.20166
1561,24.7363,5.43993
3152,23.1782,5.15447
6730,25.5237,4.98744
2986,26.8715,4.94832
2354,26.2076,5.16119
5611,27.2267,5.18371
1750,19.823,4.84002
5621,18.8722,5.38328
4933,24.6853,5.16984
2765,26.6068,5.3077
3465,23.1707,5.3953
3457,19.2553,5.39191
3179,25.6209,5.34621
5578,25.1296,4.9736
5178,24.6942,5.04964
1209,26.2822,5.08942
5212,28.0831,5.06098
6464,22.381,5.28445
2461,21.2296,5.21339
5001,23.927,5.02202
2165,23.3121,5.1627
5984,19.5172,5.29134
6462,21.7883,5.38149
3498,26.432,5.28298
865,25.2188,2.45518
1285,26.8883,1.94439
4152,26.583,2.51084
3560,22.3068,2.70617
4976,30.0084,2.34747
5406,25.9412,2.01096
4248,24.6808,2.99317
6513,24.7905,2.59823
4618,26.5526,2.87089
1241,26.0067,1.92576
1325,26.3796,2.39798
6336,25.5477,2.41004
4783,24.4132,2.9931
2013,22.2696,2.28803
4001,25.3919,2.44911
4946,25.9459,1.97158
2994,23.2821,2.75212
1334,25.4642,2.94701
4343,25.6219,2.48897
781,23.5345,2.42672
4920,22.6501,2.3428
5519,23.4429,2.90028
5885,25.4536,2.42201
2706,25.0951,2.53817
6514,24.0433,3.13664
5870,24.5684,3.13013
1374,22.5402,3.2438
5324,23.6636,3.01804
5680,21.1696,2.91583
3756,20.325,2.95172
4308,24.4569,3.15535
4357,22.9544,2.97783
3543,22.2879,2.85564
771,24.5152,3.23562
4939,27.9335,1.80848
2200,26.6809,1.98437
4814,26.7526,2.10611
2056,30.3717,2.18915
610,31.1601,2.14687
6387,26.8183,2.30951
1305,24.6088,1.86994
4039,29.6998,1.88158
5024,27.6382,2.16014
3683,27.7723,2.09726
6009,24.7804,2.31456
4678,27.0908,2.14413
2609,25.8169,2.17138
1114,29.6974,2.11296
188,26.6908,2.26511
4917,28.804,2.21325
5036,27.5039,2.12303
4476,24.1482,1.92917
6378,26.9659,2.20702
6110,25.6581,2.32368
6544,23.8462,2.3598
5032,25.1116,2.32228
1075,25.2377,1.99933
6342,24.0745,2.25579
5426,25.6622,2.17582
5596,25.5,2.26458
4907,24.3241,2.38068
5076,26.141,2.21553
2935,24.8022,2.36627
6331,22.3379,2.23187
854,24.3651,2.35174
6481,25.4248,2.29163
6564,24.9147,2.27954
1360,26.903,2.40969
6461,26.6752,2.48798
6323,26.9614,2.27257
6070,21.7739,2.47427
4525,26.3471,2.26274
6347,23.7406,2.30247
772,26.4271,2.0686
5428,23.6431,2.25496
6725,25.3341,2.29598
5719,22.8926,2.20466
5409,23.9631,2.82122
907,23.7876,2.61176
2702,25.3129,2.71993
1310,23.7512,2.73159
4951,22.7136,2.6527
773,24.2375,2.73234
5288,22.252,2.88608
6537,21.2516,2.88878
4777,22.9986,2.90759
6135,23.4325,2.73372
3161,22.2485,2.88247
4902,21.8435,2.61384
4992,24.3342,2.83735
4519,20.3785,2.75196
6330,20.7753,2.86582
6339,21.2187,2.99321
4943,20.9728,3.02638
3571,23.0629,2.88832
6046,20.5297,2.93868
2852,22.7349,2.73145
6052,26.242,2.76183
5033,22.9558,2.77345
6130,24.4997,2.72071
5039,25.3645,2.69745
2198,21.3406,2.56149
5483,23.4625,2.52082
5776,22.4814,2.75025
6162,20.9028,2.91779
6140,24.1193,2.72889
5589,23.3139,3.73975
5821,23.8811,2.79568
3739,20.8079,2.9146
4968,23.8735,2.49061
4932,23.3454,2.74111
2708,23.9239,2.73111
1846,22.5173,2.68859
4704,23.9436,2.63518
5672,22.9667,2.73401
4069,22.6924,2.70712
6632,23.0577,2.72353
4914,24.0939,2.55653
5652,21.7184,2.7258
5834,22.3581,2.58034
4688,25.3526,2.56564
5031,25.757,2.50184
4252,22.4173,2.67249
4938,24.7952,2.59636
5408,23.7677,2.54924
4015,21.9138,2.56307
1547,25.013,2.62674
6141,23.0748,2.42673
1246,22.6916,2.60395
919,19.7869,2.75904
5911,23.2386,2.40317
5921,24.8438,2.44909
6397,22.7926,2.55102
746,23.3081,2.49847
5092,24.0412,2.46345
4732,22.1749,3.42785
2634,23.4106,2.52374
5689,23.8721,2.5018
4940,22.6197,2.54514
4903,23.3833,2.58006
5912,26.4904,2.4752
4936,21.668,2.68487
4595,27.6463,2.59863
6202,23.3931,3.50846
3131,23.6296,2.53792
4692,22.5843,2.68822
3812,22.8529,2.92564
6696,22.749,2.63421
2898,24.1353,2.74521
1510,22.876,2.76355
2002,19.7269,2.79427
4132,21.2085,2.76908
4127,24.8704,2.81194
1571,23.6795,2.74639
6442,24.4186,2.68299
3492,28.8278,3.7213
4991,27.6346,3.82155
3954,26.5963,3.62837
6054,23.4511,4.0062
1708,27.2245,3.439
3957,24.589,4.07421
2656,26.5938,3.67543
6706,25.0359,3.81827
2053,22.862,3.99029
3955,25.4697,3.81146
4027,24.7384,3.64264
3511,26.4798,4.09364
4150,24.2311,4.55777
4049,20.84,4.47205
2544,23.1978,4.35029
4547,27.2097,3.50228
1743,22.4352,4.11917
117,23.1403,4.2518
3062,22.1907,4.24059
6414,20.593,4.23544
4373,23.3466,2.98869
1143,24.9171,2.6229
4454,23.8676,2.76631
5490,21.017,2.88547
2095,25.223,2.93392
6667,23.5237,2.66667
423,22.51,2.69007
2234,19.2274,2.95663
304,18.5274,2.88782
1791,24.1118,2.74066
484,21.8842,2.50004
321,24.3807,2.68337
1168,18.692,2.75213
5528,30.2076,4.36617
5553,30.6573,4.50924
3386,30.5685,4.33982
5618,28.8437,4.15497
3996,23.7201,4.74391
4955,27.2684,4.68972
5994,26.3069,4.76576
5910,23.4227,4.74058
3360,24.696,4.93459
4007,18.3967,4.93877
5859,24.4558,4.44958
5439,22.7655,4.44131
6622,27.79,4.66578
3379,28.6149,4.80142
5865,30.5175,4.35888
4952,26.7185,4.65407
5443,22.1927,4.77781
4491,23.5771,4.93596
3544,22.7634,4.98221
4950,23.0736,4.7299
5095,24.0614,5.0499
4947,23.4825,4.71829
3532,21.8566,4.85537
3985,22.0452,5.17212
3533,25.1821,4.75837
3969,23.8047,4.76793
5440,25.7988,4.85497
5570,23.1384,4.66015
4942,25.3703,4.83415
3975,23.3253,4.8762
2626,24.8794,4.82337
6540,22.8172,4.91109
6541,24.7508,5.12461
3981,19.8647,4.76794
4594,20.6021,4.90815
4957,25.5324,4.92441
3387,26.8649,4.71342
5179,24.3492,4.83372
3824,29.7173,2.97161
1287,30.6969,3.16082
1553,29.1771,4.08649
5777,24.0495,4.78356
1876,26.3242,3.1712
3489,26.6552,2.91809
3976,25.1863,4.62061
6222,22.3457,4.61103
4020,28.4806,3.336
3140,26.2636,2.95898
4265,26.4246,2.84278
2393,25.7697,3.05763
5317,28.5357,5.00284
6626,27.044,4.95218
5327,27.7934,5.08853
4073,29.3372,4.93524
4504,23.1326,3.55359
2187,22.7868,5.20638
4748,29.245,5.30948
342,23.641,3.37462
6693,20.9624,5.03125
4847,22.2981,5.03487
4533,24.8049,3.53172
1051,25.7206,4.98241
3651,22.9119,4.89141
4243,25.8932,5.04673
4267,24.3712,4.885
5020,19.4836,5.12781
5022,22.9941,3.53723
5898,22.0003,5.19922
6167,21.6119,4.8905
1398,21.9448,4.74607
5063,27.7276,4.94551
4582,19.8339,5.04419
4075,26.9098,5.00086
1293,22.4632,5.02249
1102,26.4408,5.24487
5180,19.4472,4.96843
4074,25.8959,4.97542
4823,23.0959,4.846
4462,27.0759,3.67028
5508,26.261,4.15555
3000,27.4705,4.21429
4264,24.3655,4.05395
6302,21.313,4.58731
6219,25.4221,4.44339
3984,26.0702,4.31595
3844,21.3083,4.23557
4306,25.0719,4.45947
6517,24.8256,4.34839
4098,23.4721,4.39594
3843,26.8696,4.35138
3259,24.5304,4.26052
6105,19.8997,4.55311
5186,18.4554,4.58305
5744,22.3792,4.31038
6654,22.7207,4.18249
4630,23.5168,4.53093
3821,19.6721,4.54978
6157,22.7779,4.27333
5423,22.1442,4.68228
1745,24.5081,4.36379
4206,33.8931,2.91627
5242,22.7587,3.44188
5052,25.991,4.87766
2723,22.8466,4.31744
6672,25.7906,4.23104
4332,24.6912,4.74173
4076,24.6019,4.7704
5892,23.4508,3.31745
3366,26.5217,3.17476
1860,23.9556,4.31193
6751,21.1542,5.27826
6671,21.574,5.06241
3355,27.9509,5.2706
4610,20.9593,3.57853
5057,19.7985,5.17337
6768,27.1586,5.07598
3676,21.4527,5.23245
5894,28.6758,5.0859
6526,25.5173,5.08671
5775,23.7284,5.06782
5682,22.7316,5.06215
6752,24.3695,5.13547
3700,28.4652,5.40334
6687,25.1015,5.01189
6655,20.9416,3.45851
5981,27.1099,3.34874
3037,23.2296,5.3382
3282,20.1238,5.17262
5639,25.7993,5.14796
2789,23.2471,5.29433
5572,27.1717,2.74277
5411,25.7054,4.04308
4696,24.8307,3.88788
6430,23.7954,4.15093
6144,23.6524,4.13276
4734,24.1949,3.0754
5771,23.1016,4.2509
3305,23.3616,4.09711
5783,23.9795,3.98221
5960,24.5534,2.87635
3043,25.625,4.1573
4799,25.2967,3.93539
4298,25.6137,3.80252
4717,25.8483,3.94277
1164,25.9259,4.12968
2657,27.7988,4.11079
3834,22.9982,4.33463
3345,22.7685,4.32457
3035,27.0227,3.91099
3679,20.7646,4.50574
3103,25.7614,2.86178
6155,23.8932,4.11331
5103,22.8299,4.65348
653,19.1491,4.86961
5681,24.2637,4.7532
6126,22.798,4.42037
3561,24.4344,4.30756
2969,24.5448,4.43575
5754,25.7465,4.58644
6733,22.6958,4.44116
6684,20.253,4.3882
4378,20.8161,4.85145
3029,22.7574,4.46263
3240,23.5199,4.41986
6306,21.9259,4.51129
6315,21.5643,4.4736
2190,25.7852,4.4498
6180,20.6891,4.66077
6664,26.0678,4.51461
5930,19.165,4.50293
5726,23.6203,4.5042
5503,21.4543,4.40856
4597,23.7429,4.56213
6547,28.4672,3.4127
3545,21.6912,3.90626
3390,24.4873,3.94037
441,25.7293,3.80622
4295,23.8094,3.5173
2882,27.1684,3.85121
6363,22.461,3.819
5241,25.3663,4.08865
6645,25.4479,4.06628
5923,23.2532,4.25038
6754,21.817,4.08627
5261,22.4825,4.06607
2585,24.0582,3.98272
6411,26.4172,3.83991
3374,19.7007,4.14181
2993,24.725,4.22496
2484,24.4837,4.36663
4585,24.1654,3.79051
3289,28.0292,4.42326
3243,24.137,4.2815
5071,18.2234,4.4775
5974,21.8705,4.162
3405,25.3571,4.12044
6457,24.8833,4.3859
3225,29.7279,4.18439
2972,27.2626,4.35318
6210,22.1194,4.33661
4268,24.8961,4.31634
5159,21.7378,4.44142
4348,24.3564,4.16819
6717,28.2345,4.29107
2890,24.3275,2.56021
3939,22.1269,2.93526
2106,23.1954,2.76236
3072,22.9387,2.62165
5954,25.7398,2.50277
6236,23.1113,3.00286
6189,21.2964,2.83568
1413,23.9948,2.72031
6194,23.0516,2.60385
3361,21.7205,2.94653
5724,26.17,2.93344
3274,23.7444,2.71304
5546,24.5474,2.51363
5804,24.1886,2.56223
3136,24.3602,2.67136
4286,25.0324,2.65058
617,24.5335,2.61419
539,21.1191,3.84167
6021,21.6366,2.71041
3872,21.0224,2.87154
1908,23.6897,2.70891
3168,23.5398,2.63513
4466,23.842,3.63589
2998,23.2255,3.84454
2028,22.8649,2.46697
615,20.0358,3.60161
5937,22.6479,2.59898
360,23.8827,2.24435
2929,25.8643,2.88168
3826,24.6677,2.63263
4579,20.3933,2.79346
4205,23.1514,2.73154
2906,24.2473,2.74673
1258,21.8733,2.71473
3684,23.9503,2.75016
3781,25.016,2.87399
3876,19.2536,3.01766
2942,21.4634,2.77354
4461,22.7827,2.87554
3786,22.251,2.73156
3049,23.1164,2.78404
3588,25.1733,2.68519
2148,25.7713,2.60766
5942,25.5167,2.49378
3220,24.1848,2.4209
2923,23.3646,2.55231
2944,22.0718,2.67076
5111,22.0538,2.70643
2149,24.6932,2.62662
4980,21.5602,2.68988
4726,22.4837,2.71577
3789,21.3181,2.76795
3712,22.1178,2.75277
6076,24.7377,2.46125
4608,25.3817,2.6038
3575,22.8984,2.66241
4120,24.0973,2.69836
2926,24.06,2.70864
4104,25.3623,2.50119
6129,22.3882,2.56858
2830,26.515,3.07471
2062,28.7943,2.90245
1306,26.1971,3.18102
5148,25.4785,3.30786
2194,26.788,2.84135
1091,25.1591,2.92658
930,27.655,2.87384
2077,24.2539,3.11682
269,25.9883,3.24261
3418,26.3381,3.03367
3381,23.4337,3.09038
6732,24.185,4.535
4657,17.6891,4.60627
5003,27.5784,4.6426
3090,21.5912,4.66684
5914,21.7428,4.50377
5339,18.8989,4.51578
2506,24.3142,3.25626
5586,23.7129,3.44746
6166,23.9836,4.54285
5019,19.5577,4.63171
6624,22.5991,4.58644
6574,22.4386,4.36214
4531,25.3437,3.26455
4762,26.6958,4.52835
5903,26.0335,4.59026
4247,23.471,3.36037
4021,21.8326,4.49896
5976,29.2505,3.42852
2143,26.9655,4.19796
6381,24.5954,4.05711
3596,27.1504,4.23058
1716,20.0443,4.62356
5855,26.6317,4.30092
6223,25.249,4.4391
4804,25.4487,4.36031
6421,26.9791,4.37616
5096,23.3513,4.28426
5552,20.7928,4.29941
6670,26.5767,4.22943
6643,26.437,4.16529
